3.009528056983063610e-02,2.915164833918919632e-02,9.340863194492591910e-08,2.259940760971446486e-02,4.762689098202477905e-02,1.503041552272356592e-02,2.074159961972997512e-02
2.455034820066956044e-02,1.500264853631370736e-02,0.000000000000000000e+00,1.619439837575120666e-02,4.507743009403533674e-02,1.723883464207288593e-02,4.888098631209190914e-02
0.000000000000000000e+00,0.000000000000000000e+00,5.321834445409620584e-02,2.871502207694669184e-02,3.680795443464462795e-04,0.000000000000000000e+00,4.167515230399153830e-05
0.000000000000000000e+00,4.701854369083792451e-02,2.652500829387351156e-02,1.906124127118359254e-02,5.503015609921142054e-02,2.390766617748961084e-02,3.777543761165936403e-02
8.516630590634233222e-03,3.324746247242061498e-02,2.161136312714610763e-02,3.571051563625552566e-02,1.807881912407612382e-02,4.617630865482660191e-02,3.696421259734314346e-02
1.161593151548886288e-02,2.848710447363868650e-02,1.419159135450159814e-02,1.777227887501815415e-02,5.225159985552416120e-02,1.923109882041317692e-02,2.049214288767200673e-02
0.000000000000000000e+00,3.973977111076237162e-02,5.363448310464872387e-02,1.564461721483332082e-02,2.625600933401783105e-02,1.441779686452428384e-02,9.376133131432541970e-03
9.791901733693195164e-03,1.914500826359703811e-02,3.471748798466362668e-02,1.812474969504263358e-02,3.508506924432142592e-03,9.812522155830722195e-03,0.000000000000000000e+00
0.000000000000000000e+00,2.238155083860887684e-02,6.212154693007437140e-02,1.996093504984542896e-02,2.224596066080391371e-02,7.695778392471361307e-03,6.190557527594178972e-05
4.106672539994585258e-02,3.505111217757610198e-02,0.000000000000000000e+00,0.000000000000000000e+00,1.088811047052342176e-02,1.970814097394633230e-02,2.000674054228575652e-02
5.786742636631323281e-03,1.426396903466071141e-02,2.673122203014949988e-02,1.915994540275401184e-02,3.959854246596517142e-03,2.924819900172724238e-02,3.100754974212838883e-02
8.972865154196093401e-03,0.000000000000000000e+00,7.271783906821711017e-03,5.293612691964996730e-02,4.656919341876806194e-03,3.486666029915171799e-02,6.585759391653942842e-03
2.517968905572195992e-02,1.245116203565190850e-02,3.589377806218916212e-03,3.146167758837490475e-02,3.790899377927593045e-02,1.177666481138010986e-02,1.669541560220020107e-02
0.000000000000000000e+00,2.569876499205133932e-02,4.541792673957548154e-02,2.803480880261142311e-02,4.698172123525219679e-02,2.628839130275869782e-02,3.396467075257734308e-02
5.705130331808736660e-02,0.000000000000000000e+00,0.000000000000000000e+00,2.539141197352907855e-03,1.590267605056887648e-02,3.442763118678787877e-03,8.587379734241886928e-03
4.126751587059240313e-03,3.049481968259174641e-02,2.400931066547025428e-02,1.980667238480870312e-02,2.638395566295552094e-02,2.015886592301436436e-02,3.478855372222183773e-02
1.048817730596693669e-03,1.844269307240352720e-02,1.093894394154007986e-02,1.046397309219458324e-02,3.737887186831528180e-02,2.450395600031104668e-02,3.433693573964519130e-02
1.637949236383056187e-02,2.316699079967415864e-02,0.000000000000000000e+00,1.119542273367560119e-02,7.720107538498209576e-02,3.510222931404494151e-02,6.818129985922355418e-02
0.000000000000000000e+00,3.739460631104975230e-02,3.694077182859153291e-02,1.883280254045365323e-02,1.546133808803619621e-02,1.200976893858764043e-02,7.760045985433237752e-03
1.905496204512720573e-02,2.112441441074045315e-02,2.661429357636361723e-02,1.556380316166319604e-02,3.649129160838349845e-02,1.939334829750001543e-02,2.789945394380825144e-02
6.268423598982506006e-02,6.933756712458922708e-03,1.427810786715872846e-03,2.494587829227918122e-02,3.103100164878262388e-02,1.458503218749365900e-02,2.371305489376228717e-02
0.000000000000000000e+00,3.149636350252488226e-02,6.311105109520954992e-02,9.991833817208068888e-03,1.765756605515067523e-02,0.000000000000000000e+00,3.719351698683989621e-07
0.000000000000000000e+00,3.148349525969925539e-02,2.108521623137693535e-02,1.890903695782395963e-02,5.292111201714110730e-02,3.731387745566579206e-02,4.344173513813631010e-02
1.848302243014151094e-02,2.270944762691627303e-02,2.812454485640910121e-02,1.783444591718353484e-02,4.888219149234576677e-02,3.213756224051594890e-02,7.476548973465848257e-03
1.937439566298088806e-02,1.770299954005907089e-02,5.846105952160063346e-02,1.516195061529386143e-02,1.153072185444029008e-02,1.102024918440853291e-02,1.561302757318188371e-02
0.000000000000000000e+00,3.217928475090330726e-02,6.353886527454241651e-02,1.183470896289389764e-02,4.622044440895647748e-03,2.472460644996846146e-02,2.866931564720387720e-03
2.277382527310758964e-02,3.934260309936594979e-02,1.365277519045757573e-02,3.116880548624913205e-02,0.000000000000000000e+00,2.604297410912728705e-02,1.123612040432601065e-02
0.000000000000000000e+00,5.368540895707531353e-03,5.083227235074195410e-02,3.560494114247685082e-02,1.636867355310026593e-03,2.838747496157019434e-02,1.246549905308066801e-02
2.194079728419452355e-02,1.509643221562942395e-02,1.384916028682564755e-02,8.296560580966986023e-03,1.137632174127131690e-02,7.429161201925863931e-04,5.087339933737980435e-02
2.198649310386932912e-02,1.724999810975835421e-02,6.503190060177357727e-03,1.877985604965697053e-02,1.094134195445843399e-03,1.711428909315406213e-02,7.264487970367215428e-03
0.000000000000000000e+00,2.812528418581633494e-02,5.523009284468718277e-02,4.367486373018026474e-02,1.762222688988067387e-02,3.223544037795106343e-02,1.662673271711704497e-03
1.599046660367656539e-02,2.127623221380736326e-02,2.015338473342119519e-02,3.231087871632568054e-02,3.343487414659052082e-02,4.216984989639111642e-02,3.337840087494180208e-02
0.000000000000000000e+00,5.402902232448739822e-02,4.128433499339619062e-02,1.590903774286527711e-02,3.887966687537031119e-02,1.159881860390779042e-02,3.019669261084309206e-02
2.919401654488554959e-02,5.782590076089516584e-02,5.141131631221178278e-02,4.938074285303924171e-02,0.000000000000000000e+00,3.152277456154587570e-02,0.000000000000000000e+00
2.520868500060773412e-02,7.958083160880482024e-03,0.000000000000000000e+00,2.923236432626909187e-02,2.157177293116228217e-02,1.008973015362711091e-02,2.667476344946232217e-02
2.124015966605398778e-02,4.570874691521122427e-03,0.000000000000000000e+00,1.356364117960920899e-02,1.099386289232436899e-02,7.470878189357858627e-03,3.494199786872443508e-02
0.000000000000000000e+00,3.549486782455852502e-02,2.888899837094651216e-02,2.381610270389390282e-03,5.879593304021483308e-02,1.900893103396565642e-02,3.368041089456468018e-02
5.293090527853826048e-03,3.270759933894951121e-02,3.413437171954125660e-02,4.129067138664683362e-02,6.061095469230983780e-03,3.826143121043242001e-02,5.145274463497953588e-03
2.177376173943078655e-02,9.948910661784257647e-03,2.566273557388472609e-03,2.618961621973834447e-02,3.958898961443146902e-02,3.092337147241073364e-02,3.167431432124771795e-02
9.401390327899749808e-03,3.663695354807571664e-02,3.374040911561294875e-02,3.567132181375309158e-02,1.122042425219729744e-02,0.000000000000000000e+00,1.960165661254094013e-02
2.678434797631672887e-02,2.694310573296839970e-02,9.970456510905783762e-03,2.768130995872978076e-02,8.900112685056688576e-05,1.931693446957155613e-02,1.913045975498751938e-02
0.000000000000000000e+00,0.000000000000000000e+00,1.521766314534390811e-02,1.817511471094743463e-03,0.000000000000000000e+00,3.098730844163847392e-02,0.000000000000000000e+00
1.700935181767537774e-01,1.363668430638941996e-03,0.000000000000000000e+00,1.306576208372018169e-02,0.000000000000000000e+00,5.856350869189505710e-03,0.000000000000000000e+00
2.736636516865560004e-02,0.000000000000000000e+00,0.000000000000000000e+00,4.091346297483312335e-03,2.251041200899382699e-02,0.000000000000000000e+00,2.777231021341362155e-02
3.292280540892562370e-03,1.730906536343614077e-02,4.336496825227251911e-02,1.856769623580572376e-02,4.067612005423243415e-02,2.348437556048703703e-02,7.121244380482878158e-04
0.000000000000000000e+00,1.742184282443134252e-02,2.970328195453454667e-02,3.834598879058641330e-02,8.119993694789325728e-03,2.272328667194235818e-02,1.511388758166967543e-02
0.000000000000000000e+00,2.446711629947945568e-02,4.708626736647155558e-02,1.342160109286682709e-02,4.224150193046215945e-02,2.393094812535116050e-02,3.117352488089132276e-02
0.000000000000000000e+00,9.307791124418674303e-03,6.624106079850847206e-02,1.546886132867414561e-02,0.000000000000000000e+00,0.000000000000000000e+00,0.000000000000000000e+00
3.506679940411115692e-02,9.714438747660028226e-03,0.000000000000000000e+00,1.606693714550668645e-02,3.233882996103758234e-02,1.665933129074604821e-02,5.113820858900230970e-02
3.355734900030965528e-02,2.352864211831270230e-02,9.610085030950689042e-03,3.697898660512979191e-02,2.442130953673402050e-02,2.039591840290969418e-02,2.872634871431271886e-02
7.684990801305750796e-02,2.477807756890625969e-03,0.000000000000000000e+00,2.121328296064411284e-02,4.879308889802445870e-02,2.388039096772341229e-03,2.644029184422543380e-02
0.000000000000000000e+00,1.438971701212068792e-02,1.870674247401245965e-02,1.280734509958676368e-02,3.243565112170694598e-02,3.706920608181553389e-02,2.727951941137221961e-02
0.000000000000000000e+00,4.502799992581511812e-02,4.613765942816687449e-02,4.595225584621023124e-03,5.157704324607915308e-02,2.470683772962682309e-02,2.490468142801747706e-02
0.000000000000000000e+00,5.302656747396945758e-03,4.623624438449291246e-02,2.084660126047211889e-02,6.700799490431073868e-02,2.106284081925140217e-02,5.218973344843209905e-02
3.892083697401168413e-02,2.336709882041718145e-02,3.580558970560700910e-02,2.161825204516530305e-02,4.853337978074636141e-03,2.591746040227167758e-02,9.176621863613619243e-03
1.849211519112413729e-02,1.212783755756081765e-02,1.411275224219613565e-02,1.316254534797101604e-02,2.394527920657561499e-03,7.883383522650444508e-03,3.421693747126466987e-03
2.190188810138998798e-02,3.494375021971481837e-02,1.080949892630677506e-02,4.058550439109365193e-02,2.701450688566337313e-02,3.412382708882149857e-03,0.000000000000000000e+00
0.000000000000000000e+00,1.758135544077738671e-02,4.220469061605167105e-02,2.606123631303984556e-02,2.919320160917976414e-02,6.814230930798794925e-03,0.000000000000000000e+00
3.519982324240265165e-02,9.002597047818495027e-03,0.000000000000000000e+00,1.700512203584325990e-02,1.221076736293614379e-02,1.054988086995294928e-02,2.580862619352770546e-02
1.084663436486960758e-02,4.069236106914603940e-02,4.536178640493414294e-02,1.492699774227917824e-02,1.233089541770088747e-02,3.871864635839193658e-02,1.672305777148020214e-02
0.000000000000000000e+00,3.374093422369196099e-02,0.000000000000000000e+00,1.456151908881071592e-02,6.990383080082104850e-02,3.923257326349328250e-02,6.483752888805635606e-02
4.580951003142412492e-02,9.009702398494100206e-03,0.000000000000000000e+00,1.667736645571791035e-02,1.859623331104330590e-02,3.739590110619847585e-02,2.513910292330680599e-02
2.630658980883553155e-02,3.669113243644508970e-02,2.292737211267083589e-02,1.959499898442244176e-02,0.000000000000000000e+00,7.974795902806862055e-03,1.356024789619970743e-02
3.300919267332592250e-02,1.712053653265958181e-02,0.000000000000000000e+00,2.111309321674985709e-02,8.473443309644756657e-03,1.253663705238072107e-02,1.921987869527910786e-02
2.942682698793010199e-02,1.486745000944846191e-02,0.000000000000000000e+00,1.846380771909363755e-02,3.218521106343540106e-02,1.374667421228508574e-02,4.563028537315191174e-02
5.122480134928921597e-02,1.690654759566053919e-02,2.553880262638787840e-02,1.515074472093682310e-02,2.134794246888671587e-03,8.733319042782955802e-03,5.630588590360845018e-03
1.283815549776053631e-02,2.115976139685842722e-02,6.160131776930646667e-03,1.691689741714981834e-02,2.639006300668791591e-02,1.829752968008923134e-02,2.531309301607746406e-02
2.380937300708422730e-02,1.852928346392850381e-02,0.000000000000000000e+00,2.536360958940426374e-02,6.556276787567991149e-02,2.280559926738646992e-02,4.126311346591310381e-02
1.930114697228426171e-02,2.378032043399849055e-02,5.243345956103203503e-03,1.888946874192103109e-02,1.918911832580170659e-02,1.714709653782603427e-02,2.129217223241373566e-02
1.050228659083606020e-02,1.462253254703445131e-02,5.688204136085379253e-02,3.053858846804750546e-02,2.612947813325265309e-02,8.220293976459002241e-03,1.880459123466711804e-03
4.686208433157538675e-04,2.228729841133148329e-02,5.334986255383729337e-02,2.208462242416121477e-02,8.842510646590851647e-03,2.429399621162392151e-02,3.069816242991432590e-04
1.389861792907818965e-02,2.362094767456021649e-02,9.179175746603145331e-04,6.683191126296376787e-03,7.826272474875707597e-02,4.874735212049025740e-02,7.291178629841672809e-02
3.384054275469947082e-02,9.479630248059716172e-03,0.000000000000000000e+00,1.468825129396858324e-02,2.764890007843950892e-02,1.757618294844787155e-02,3.316955528940234571e-02
3.479705948446469577e-02,3.272013588319765826e-02,2.789351453636706567e-03,2.844797547188433751e-02,2.179413342419637620e-03,3.640598840713047454e-03,1.208060965362584178e-02
5.617202930716110737e-02,2.783558051114392792e-02,0.000000000000000000e+00,2.031285599170001149e-02,3.093108173816808484e-02,2.281776472373232487e-02,1.684673153617122221e-02
2.667133396132242984e-02,4.419186693864293053e-02,2.667516296723467309e-02,2.062872725344024397e-02,3.257372957205055541e-02,2.355123385564275237e-02,3.798244161607881864e-02
1.967043215706807541e-02,2.959290124282795698e-02,1.064183614299398645e-02,4.605231079923854942e-02,7.457648737804369564e-03,2.591747036576102711e-02,3.706094152469840280e-02
2.536218065976179187e-03,2.771424006515677690e-02,4.903210687583522964e-02,1.520648124383209947e-02,3.187906072187973727e-02,2.802066869381093783e-02,1.583546689272258279e-02
2.868654701065537650e-03,1.080461601955766925e-02,3.642062110299251060e-02,2.085658967753549822e-02,3.404232726158419511e-03,4.520368020277791901e-03,0.000000000000000000e+00
0.000000000000000000e+00,2.123175313662982997e-04,8.184103772447927361e-02,8.063122522634661934e-03,3.048855127260807416e-03,8.905990900810101853e-06,5.051243605459019691e-04
1.045132997612062929e-02,1.107577774734356049e-02,2.113767307605788834e-02,1.451910454753941801e-02,1.133735895763446529e-02,4.583372523478572609e-03,0.000000000000000000e+00
2.277230224413151483e-02,2.399652201545707589e-02,8.416971410367507858e-03,2.976116201664414512e-02,4.841302038481200970e-02,3.017161710117914619e-02,3.252483637723093540e-02
7.594886601749744996e-03,5.641608540470769567e-02,1.887973529071131779e-02,1.382133904291824207e-02,4.172779895722781435e-02,1.828236416471393233e-02,2.461216931098771099e-02
2.738947786967967091e-02,1.813737311981281075e-02,4.522209778559784649e-02,2.032324319426949411e-02,4.878858772050790465e-02,1.403862706801907792e-02,1.764326955812627051e-02
1.232022207640002219e-02,2.637133986577772440e-02,1.499450919330175963e-02,2.564766741932756125e-02,2.304018342876255204e-02,0.000000000000000000e+00,0.000000000000000000e+00
3.926233153334911935e-02,4.376698833876852684e-02,4.256551376424246719e-03,2.729934761832965989e-02,2.153103391504096117e-02,1.683930999620718641e-02,3.039506985681665954e-02
3.766028175837173031e-02,1.769493442646696141e-02,0.000000000000000000e+00,3.182836195465070517e-02,1.109381951205679539e-03,1.167393818236921871e-02,1.391017634251114077e-02
7.359643366843253605e-03,5.103622075749428971e-02,2.977339928751642981e-02,1.941356104731018287e-02,2.625091019360666425e-02,1.879890774713205773e-02,2.521830978406492188e-02
0.000000000000000000e+00,1.726482673838110674e-02,3.304296798537010443e-02,2.932099790189805072e-02,4.170370304431948727e-02,2.700041575690297416e-02,3.632581548995202775e-03
1.001205332227667402e-02,7.065993115274329592e-03,3.849268503929024793e-04,6.232555097975277063e-03,2.331234849947399351e-02,5.845895240296857323e-03,2.878511082963239320e-02
4.052650435690412223e-03,2.564960978001604858e-02,1.935523574544605399e-02,1.518445194969394486e-02,1.505463274737037921e-02,1.217086555825577093e-02,1.508438060150798371e-02
2.181085447041623479e-02,2.688348503710403375e-02,0.000000000000000000e+00,1.622253625335436447e-02,2.586894827411546569e-02,1.971476981638121267e-02,5.073436835082714702e-02
2.879213196776767708e-02,1.557834489287512718e-02,1.582655713228071914e-02,1.104604746157644181e-02,5.957675932568319566e-02,1.531134773995625545e-02,2.178617054547437107e-02
2.979287223708481855e-02,3.927897967847406892e-03,0.000000000000000000e+00,1.466634080228448704e-02,5.255138676755167354e-02,1.284297801121543452e-02,4.845966539386937361e-02
7.229340701018575552e-03,3.110122796211655868e-02,1.020050549276423947e-02,2.839836771296515294e-02,5.590042909956072226e-03,7.804512721559189563e-03,7.423914741042061255e-03
2.584519069480762862e-02,4.279224540706534630e-02,2.956748038420877085e-03,1.975834629694006236e-02,1.108322209630818386e-02,1.037763980361277455e-02,3.669923345534013143e-02
2.559102046581261669e-02,2.208907020382384206e-02,4.751256367531297639e-03,1.785846431588498928e-02,2.877837423276516024e-02,3.861536748711732331e-02,3.317838201501595308e-02
0.000000000000000000e+00,1.817809563150677918e-02,6.053661870824181279e-02,1.774427113994931499e-02,2.549166847413964279e-02,1.190750275638469656e-02,1.712281694310108932e-02
4.566758668040470093e-02,1.709932822440360725e-02,0.000000000000000000e+00,3.856867033760292413e-02,6.311834363147104075e-03,1.242206946475023742e-02,1.574731123657820142e-02
0.000000000000000000e+00,4.772322123140126243e-02,3.833187791517521370e-02,1.779817999524589342e-02,4.369986390472312826e-02,1.747194268224453936e-02,2.706844345063488810e-02
2.591329048492586537e-02,2.351019090531204780e-02,1.007418670401224146e-02,2.479727523860385946e-02,2.680135335125546914e-02,9.963808672105540706e-03,6.438479155484959533e-03
3.389875142268718861e-02,9.034782848084984067e-03,0.000000000000000000e+00,2.253796956910578131e-02,2.394914847754047674e-03,5.904391372119194986e-03,1.816831407923589353e-02
1.914060852308238506e-03,3.774302944295178375e-02,4.562802609492591643e-02,2.090269949711306627e-02,3.490358269005324615e-02,2.865718377817244242e-02,2.792630007740510428e-03
1.341549100966322669e-02,2.341317420396549220e-02,6.989658115422655096e-03,3.219669968744286181e-02,3.759914080820192517e-02,1.981563067299381420e-02,2.243382960609708807e-02
3.315214075012798411e-02,1.630984485565136963e-02,2.215935490851243111e-02,0.000000000000000000e+00,0.000000000000000000e+00,0.000000000000000000e+00,0.000000000000000000e+00
3.595067495833900728e-02,7.492430434501314712e-03,0.000000000000000000e+00,1.235496087042915053e-02,4.109075041920248056e-02,2.127992698430899998e-02,4.850232564521804457e-02
3.946447197670976265e-02,5.441089270883749107e-02,0.000000000000000000e+00,2.099658913917403641e-02,1.707116003486607372e-02,0.000000000000000000e+00,1.099067438801019057e-02
3.001111067958658202e-02,2.799883572133182036e-02,4.090413968714442204e-03,4.129533864508128788e-02,1.574844325543955014e-03,1.430996603622151399e-02,1.121095445461289981e-02
0.000000000000000000e+00,3.761050638210474556e-02,4.963158737276471277e-02,1.070404987431609542e-02,2.588446051766174136e-02,4.007096241921329766e-02,8.215053791789762166e-03
3.706921037230584415e-02,1.396407880761647326e-02,0.000000000000000000e+00,1.964443652525088221e-02,3.764095409075597642e-02,1.323988203864878525e-02,3.753783180233825206e-02
9.115352958958198833e-04,9.427390286417525883e-03,7.250975374236004467e-02,4.181796407158035883e-02,1.394349286413341417e-02,1.445426821597918000e-02,0.000000000000000000e+00
3.838014597756973789e-02,1.832735880217931448e-02,0.000000000000000000e+00,1.070740897525968537e-02,1.079557658715276855e-02,2.394747630176437150e-04,2.498782410930784625e-02
0.000000000000000000e+00,2.085107814131964554e-02,6.734532332527645715e-02,3.607336501185134242e-02,1.906578216080598992e-02,1.477404669328468562e-02,5.815627517420565891e-03
4.672683568234643758e-02,0.000000000000000000e+00,0.000000000000000000e+00,0.000000000000000000e+00,8.913783400131176124e-05,4.390827526396762909e-03,8.928450989649286667e-04
1.281570270262210286e-02,1.701203778403303016e-02,1.233282378680090018e-02,2.426675757124483954e-02,1.703937219205912956e-02,1.263558488280830741e-02,1.789457564434901449e-02
6.251847919913874722e-03,2.319641924801199573e-02,2.095989789706617992e-02,4.485029256069016090e-02,1.914433530688370091e-02,1.686065369380672016e-02,1.561414101977057385e-02
8.484828432837447990e-03,2.696871590212684272e-02,2.523513592286417972e-02,2.012949906083262228e-02,5.156598242338655304e-03,1.268799064838670686e-02,2.264185975112543298e-02
3.557033715656126444e-02,2.126185119260805279e-02,0.000000000000000000e+00,1.540829676063889403e-02,9.446219542534496985e-03,9.098968683759714460e-03,5.076147064424384181e-02
2.877627487074447751e-02,9.377222462760115979e-03,0.000000000000000000e+00,2.444743364122708637e-03,0.000000000000000000e+00,9.489154718811051992e-03,6.637611206173943228e-03
1.477169376613747705e-02,7.537798895952489350e-03,0.000000000000000000e+00,6.446843469755138278e-03,3.422966196825620588e-02,1.604342460628143882e-02,3.313187539134040266e-02
0.000000000000000000e+00,0.000000000000000000e+00,2.873011785713897037e-02,8.975247494800608905e-03,1.769150925666072502e-02,0.000000000000000000e+00,0.000000000000000000e+00
3.424492121290370616e-02,3.649783042525355068e-04,0.000000000000000000e+00,1.324365544149821126e-02,1.270317996155714661e-02,3.071342759725732841e-02,2.463266391324372973e-02
2.715574693418880067e-02,3.865159633837868258e-02,0.000000000000000000e+00,2.315817124279668723e-02,1.885853816666645602e-02,1.706890187178666113e-02,2.906292814512841799e-02
0.000000000000000000e+00,2.462251729328609681e-02,4.743024948578113825e-02,1.166840682229928865e-02,3.861521422475579918e-02,1.596083056301319039e-02,1.583185487722665874e-02
2.312343173881448166e-02,2.646428850416470899e-02,0.000000000000000000e+00,1.587085249773930937e-02,3.721632237454799291e-02,2.240746362651405144e-02,3.788337812390814296e-02
0.000000000000000000e+00,3.942931981997433583e-02,4.114981875830352881e-02,1.365263757542521661e-02,2.045616637399722687e-02,1.064070845408800897e-02,2.544008337691278966e-03
2.416708277204042063e-02,3.077515981799652453e-02,1.343394038597589199e-02,2.396776788529034891e-02,2.753709370874887069e-02,2.384399150954628899e-02,2.720161836360910496e-02
2.399204919116994933e-02,1.563431906418132067e-02,0.000000000000000000e+00,3.320006737449819612e-02,1.331608437316672902e-02,1.328646272886896060e-02,2.059906733564691519e-02
1.266243548287546844e-02,2.193889313375878974e-02,3.163579842081346710e-02,2.148879953436016663e-02,5.794984770688548122e-03,1.153070028088366318e-02,3.986336044208846699e-03
0.000000000000000000e+00,4.877351381472105896e-02,3.056473126052830155e-02,1.565199516257034448e-02,1.514097961416481161e-02,1.989148064645531247e-02,8.522175694697849482e-03
7.838767156738165806e-03,2.066626769666125851e-02,2.600771372892878366e-02,1.754849255384257831e-02,1.427580765169861668e-02,1.547011985269589225e-02,1.178870621462899636e-02
2.114047244650233900e-02,2.485761312785888036e-02,0.000000000000000000e+00,2.768685765797671006e-02,4.154008526476092589e-02,4.036676965724742688e-02,2.726295329781056043e-02
2.037338148273576052e-02,2.011175294505212693e-02,4.703263889768286889e-03,1.960127254078545059e-02,3.023810498781365902e-02,2.565623946260654070e-02,2.592925452745932155e-02
2.779237853830675981e-02,3.518416344086688907e-02,3.595832085900751117e-03,1.612722259927955315e-02,1.372989508866255797e-03,3.180851704086411214e-02,1.678841659499652819e-02
2.649735992810429638e-02,2.139813719128214747e-02,0.000000000000000000e+00,1.931597576779202699e-02,4.075741761743020136e-02,2.461533072245422962e-02,5.812213477511098125e-02
0.000000000000000000e+00,1.255519677045862682e-02,7.417207922923089829e-04,1.104426773233475011e-02,1.194157368823501181e-01,3.556423775397637987e-02,8.784918871319379041e-02
2.633938538864472045e-02,3.234807003664215419e-02,0.000000000000000000e+00,1.178948390553283959e-02,4.540181844257272503e-02,1.376180297315144144e-02,3.584514203228196527e-02
0.000000000000000000e+00,1.710235469921708024e-02,5.628873581285908506e-02,1.999197501088625581e-02,2.547430665758032564e-02,1.263263908346617427e-02,0.000000000000000000e+00
2.188034730366694366e-02,2.070767935434764465e-02,6.650265311411970902e-04,1.836720928168058750e-02,1.241086588653931427e-02,1.290410670322503749e-02,1.410495767189319863e-02
0.000000000000000000e+00,1.560122346371089867e-02,4.100300816503045509e-02,1.559376510884705365e-02,6.868322322142123362e-03,6.740211207719558860e-03,2.196907265053938199e-02
0.000000000000000000e+00,3.667946432961924352e-02,7.184739901585741884e-02,4.480869126247026546e-02,0.000000000000000000e+00,1.010591770211983738e-03,0.000000000000000000e+00
0.000000000000000000e+00,0.000000000000000000e+00,8.378073231947168187e-02,9.219537828676955052e-03,5.098406840124395821e-04,0.000000000000000000e+00,9.106937902147985609e-05
0.000000000000000000e+00,5.022162023687206864e-03,6.325372401392607979e-02,1.855646382479220246e-03,0.000000000000000000e+00,0.000000000000000000e+00,0.000000000000000000e+00
2.786689737355917129e-02,1.477198210347468663e-02,0.000000000000000000e+00,1.757806676474427815e-02,1.310224108393688407e-02,1.168883840731882451e-02,2.468907285586802863e-02
0.000000000000000000e+00,2.258901748216916514e-02,6.061625689591885503e-03,0.000000000000000000e+00,1.258891995057522528e-01,2.563862069396232596e-02,4.165892090206756160e-02
0.000000000000000000e+00,7.424084597810361175e-02,3.181032074247407138e-02,0.000000000000000000e+00,1.944868532393038696e-01,8.301141573267083185e-02,1.043642226056367278e-01
0.000000000000000000e+00,6.305956623499114899e-02,1.999469214146000484e-02,0.000000000000000000e+00,1.788232384618354265e-01,9.666542166936974156e-02,1.291202022982074482e-01
0.000000000000000000e+00,1.472040566846370387e-03,6.533769393026152283e-02,4.528396381224405326e-02,5.635073576940202202e-04,0.000000000000000000e+00,1.288959148872098327e-05
2.959790346041295608e-02,1.958718971096029896e-02,4.879007048680561454e-02,1.988278828790236014e-02,1.363490155757489386e-02,7.245333169064843357e-03,0.000000000000000000e+00
4.624614335705174578e-02,1.618535794969992725e-02,0.000000000000000000e+00,2.596877653748930898e-02,0.000000000000000000e+00,1.046150994041532452e-02,1.166313644057858506e-02
1.632826157204359668e-02,2.100913675974045228e-02,1.010650324616470773e-02,2.209120251465705731e-02,2.493511018715337257e-02,1.510155475751344054e-02,1.715450284253820443e-02
1.912959534409504336e-02,8.229999111914304208e-03,9.016490947195756125e-03,1.738638758915742738e-02,0.000000000000000000e+00,1.832664965135050563e-03,0.000000000000000000e+00
2.487853848131837617e-02,1.917866682858331007e-02,4.394495447578335504e-03,1.116252249802514133e-02,3.290441850171088589e-02,8.994919273757966474e-03,2.306881583915607742e-02
2.139067772833725192e-02,1.536061833438976537e-02,1.020898043496769238e-03,1.468952354536034316e-02,0.000000000000000000e+00,0.000000000000000000e+00,0.000000000000000000e+00
0.000000000000000000e+00,3.038203366328558804e-03,7.062848232293253425e-02,1.109146789701883490e-02,4.542233000969272960e-03,1.253196737914568162e-02,2.493567124058651508e-04
0.000000000000000000e+00,1.324711962395045718e-02,5.182268721876553269e-02,1.816943526681635834e-02,7.750666148724933216e-03,2.552683255953490382e-02,1.228532503006017976e-02
0.000000000000000000e+00,4.998902340255409471e-02,5.509100788436827739e-02,3.394935194867523820e-02,3.915224052453678688e-02,8.276129760531906673e-03,0.000000000000000000e+00
1.186734657762202614e-03,2.177931941779917904e-02,5.210819210259663714e-02,2.218718042236610816e-02,2.007601206598510352e-02,1.537969330204271533e-02,1.030568608311552455e-02
1.850001261545899597e-02,4.990984020575226811e-03,0.000000000000000000e+00,1.223548021410328542e-02,6.752354737982690924e-02,2.620858803397394660e-02,8.018490812328282757e-02
1.236042189059074516e-02,2.673685890318972663e-02,2.836653769743163744e-02,1.517311289496244865e-02,2.221944102040459071e-02,1.772498995489087126e-02,2.411607365982557788e-02
3.314016027155805566e-02,4.506329416796968357e-02,1.184740273917368053e-02,2.860089814891364490e-02,5.647622881321788524e-02,2.122049957602722969e-02,5.985079751223745109e-02
1.927969267268838174e-02,5.291600871461208354e-03,5.028635726966337871e-02,2.199546411358825615e-02,0.000000000000000000e+00,1.619044914261121362e-02,2.110242197535145553e-02
1.932355194803913462e-02,8.166881518220137776e-03,0.000000000000000000e+00,1.240415258623409067e-02,5.175181780487756594e-02,1.796384674319227714e-02,5.047675133288945237e-02
3.739820499922209829e-02,2.327182065591794358e-02,0.000000000000000000e+00,3.157387375517676370e-02,2.225978151120503942e-02,2.049871506558977041e-02,3.068816281702812024e-02
2.559058637801272964e-04,2.421827912752747697e-02,3.809751321559692178e-02,3.195223252416263399e-02,1.384500005133617456e-02,1.998947195746117109e-02,7.049756830043996114e-03
0.000000000000000000e+00,0.000000000000000000e+00,5.473727413141601245e-02,0.000000000000000000e+00,0.000000000000000000e+00,0.000000000000000000e+00,0.000000000000000000e+00
9.616257318477703861e-03,1.760960983589127810e-02,2.612419411760741328e-02,2.080924249587407654e-02,8.019983839142276125e-03,8.931975595331889672e-03,1.447717594945953541e-02
2.883348589371441395e-02,1.878409246900286655e-02,1.595239515625861138e-02,3.844167683945556857e-02,1.403520452184707328e-02,1.052681839310559871e-02,1.130241101074256141e-02
3.271071449615130244e-02,3.009636165879496505e-02,0.000000000000000000e+00,1.985114778948473754e-02,4.435155661668032517e-02,2.997817207427819902e-02,4.980444510284252890e-02
4.113040868040906961e-02,1.480677723633582951e-02,0.000000000000000000e+00,1.793007070228092373e-02,2.923406663872922528e-02,1.730776548585074778e-02,6.519711382428508561e-02
0.000000000000000000e+00,0.000000000000000000e+00,3.352452006633850623e-02,0.000000000000000000e+00,0.000000000000000000e+00,0.000000000000000000e+00,0.000000000000000000e+00
0.000000000000000000e+00,4.599693774420672565e-02,1.175972645175617053e-02,2.489614860571901997e-02,6.402486853185954119e-02,3.316466244287528259e-02,4.991690584270413317e-02
1.410352348796554967e-02,4.300432129920178648e-02,6.284563569078310472e-03,1.646489635932899334e-02,7.878000520540207746e-03,1.301059340983084026e-02,2.911899173265816015e-02
1.903589335190709409e-03,1.366188283751509740e-02,5.840965658223885859e-02,2.095261930762500058e-02,8.370363149957803575e-03,3.464449116240007724e-03,0.000000000000000000e+00
1.394681461644088237e-03,0.000000000000000000e+00,2.785185585408534240e-02,1.207485443944375687e-02,9.292268217061824473e-03,1.769780205237293444e-02,3.764146458755206898e-03
0.000000000000000000e+00,1.909858401245067075e-02,3.206108733177572001e-02,1.433495831698348467e-02,3.001261545708639594e-02,2.448154362748313981e-02,1.997462256810812742e-02
0.000000000000000000e+00,2.129012656252851285e-02,3.478750015656600220e-02,1.882861432274255536e-02,2.085985871969322364e-02,1.597922372205386188e-02,1.994373574238612890e-02
4.457311591935030765e-03,3.513954305103075132e-02,2.984592290348499558e-02,1.442835744503151441e-02,9.287014592128974011e-03,1.370195019957378552e-02,1.047531183243391277e-02
3.710766290647576210e-02,3.414542782537448307e-02,0.000000000000000000e+00,1.612695667694998003e-02,3.864982906514752986e-02,2.583387441014647901e-02,6.452288427706902307e-02
0.000000000000000000e+00,2.957657565850631276e-02,3.983364218179000216e-02,1.726744137345890412e-02,2.334097457759796643e-02,9.853660110679512626e-03,2.219355499937248884e-04
1.170008069644135409e-02,2.095571717629035602e-02,2.463622140170853084e-02,2.026750703110981669e-02,1.155014562672332032e-02,1.335260871718540673e-02,1.299471879688643070e-02
8.965500156026449952e-03,3.058411150387583405e-02,1.566551150507161996e-02,4.146272680651134912e-02,2.330353904835851669e-02,2.000106742707648613e-02,1.967960415626877901e-02
3.129310575262064797e-02,1.773035332822234592e-02,0.000000000000000000e+00,1.856822101465323283e-02,2.128979124949157559e-02,1.415544293176909142e-02,2.013315712228531951e-02
3.154347948777073973e-02,1.801638816927399883e-02,6.063778043691969884e-03,1.676552220513167005e-02,4.334092148542424000e-02,2.402208285313379987e-02,4.253716285589499713e-02
0.000000000000000000e+00,8.343572347569983699e-03,4.022501933048024114e-02,2.720272903868362069e-02,6.617717653600425909e-03,4.761682918536644035e-03,3.160834381065042754e-03
1.384929874733820338e-03,5.785566001876306375e-02,3.103746781318989650e-02,1.853562843100700630e-02,3.755513915939409642e-03,1.033122222390988991e-02,2.158400280658878678e-02
0.000000000000000000e+00,1.811786476690502648e-02,3.476883501327206194e-02,4.909888444695020837e-02,2.771909910399853079e-03,1.374202105433375114e-02,1.073967528331942409e-02
3.555841786784817715e-02,1.497616383158447383e-02,0.000000000000000000e+00,1.777886672972668614e-02,5.739604540186545034e-02,2.715090343456195293e-02,3.300042993555949572e-02
6.967231482906878492e-03,1.058180310136021957e-02,3.712505275352015466e-02,1.477413289721941393e-02,1.154223595467590395e-02,6.312928763479841617e-03,3.334390781574986164e-03
1.386702084930263937e-02,1.676870981409872910e-02,1.859065923077798943e-02,3.771433711518870635e-02,0.000000000000000000e+00,0.000000000000000000e+00,4.759191055700190409e-03
0.000000000000000000e+00,3.379207057177590484e-02,3.157794071294466043e-02,2.245445577539928114e-02,2.267665375117057514e-02,1.622899207058116355e-02,3.462204605156298659e-02
3.253159638942614701e-02,3.123189938782940447e-03,0.000000000000000000e+00,9.885253550465766814e-03,5.199485591601211987e-02,3.106431238475696952e-02,5.350316001744506722e-02
0.000000000000000000e+00,1.055886812723409209e-02,5.882334773462803701e-02,1.404257291663656496e-02,0.000000000000000000e+00,0.000000000000000000e+00,0.000000000000000000e+00
7.781038226748878024e-03,6.123636142251608072e-02,0.000000000000000000e+00,3.010929215561593958e-02,6.249269074028721699e-02,3.680711144063385926e-02,5.192477111298550441e-02
3.766969467823596401e-02,2.107541795395655865e-02,0.000000000000000000e+00,2.196801503089160917e-02,0.000000000000000000e+00,1.056785123900743327e-02,2.077809167061826431e-02
1.528928420389673998e-02,1.848519862883856238e-02,5.553056325080151824e-03,1.674151687233948332e-02,1.573825054942606244e-02,1.481840727062719472e-02,1.875513639394937870e-02
0.000000000000000000e+00,3.090734577712212633e-02,7.498095815223732030e-02,1.386818321298654254e-02,9.636558556119819829e-04,0.000000000000000000e+00,0.000000000000000000e+00
0.000000000000000000e+00,1.090229045147737830e-02,2.712128409155249373e-02,2.922107461012322244e-03,2.131399558769252536e-02,0.000000000000000000e+00,4.871179374646835043e-03
5.294066220419622881e-02,3.210265701473670463e-02,0.000000000000000000e+00,1.868331223749231107e-02,4.206796132545074368e-02,1.231174746496956074e-02,2.430889864408151274e-02
3.735751664561676871e-02,6.627222393010695489e-02,1.037137250693065090e-03,2.400435711397466698e-02,1.178437656528419017e-02,3.433315399701489939e-02,1.963052538563342386e-02
7.308576051220328114e-03,3.181518753090096380e-02,4.134481915434763677e-02,2.814642580174549560e-02,1.544310581214974019e-02,1.350208921126666919e-02,8.906737749583936228e-03
3.258973367315889241e-02,0.000000000000000000e+00,0.000000000000000000e+00,0.000000000000000000e+00,0.000000000000000000e+00,0.000000000000000000e+00,1.082017582268659031e-02
2.948408926377643971e-02,2.609754684604584027e-02,4.385556890601015985e-04,2.184087965827326630e-02,1.723921630864769586e-02,4.500162518521133581e-02,2.442475754515945063e-02
2.045965473090644027e-02,1.564957398776775296e-02,8.032910446263063706e-03,1.744560460400960966e-02,1.301412204103390667e-02,7.432532792210184980e-03,2.439296495871197921e-03
1.639247026481474578e-02,2.098544656671944009e-02,9.645085516078958504e-03,1.906290024980413986e-02,5.140199849277602914e-03,1.194972106591661413e-02,2.718829272031070970e-02
4.135735758273240831e-02,3.064579881206912562e-02,2.636134866257756112e-03,2.061821225427011225e-02,1.840366081934229764e-02,6.524361381731322990e-03,1.032128798875972010e-02
5.474888859532578596e-03,1.597328827674465365e-02,2.686520188600933709e-02,1.842033084708948054e-02,0.000000000000000000e+00,9.708393720996735463e-03,1.421886545798796593e-03
0.000000000000000000e+00,5.267863330029752024e-03,2.535330540289915807e-02,1.465021039767789440e-02,1.781437276786963786e-02,7.488024987430560303e-03,1.176607814992153972e-02
3.497792545011983029e-02,1.773661217714507521e-02,0.000000000000000000e+00,1.266351756581708503e-02,5.583809454816685003e-02,1.844534202712060783e-02,3.465110709437161512e-02
2.840420118400414223e-02,3.907415457574638790e-02,7.218365510090592185e-03,2.127548545853365919e-02,3.608202991858594499e-02,1.179707743165836313e-02,1.293336211336123566e-02
7.078123417775789190e-03,2.679301795200703454e-02,2.234436825587699307e-02,2.286671426690623649e-02,2.373705933607418023e-02,1.657278264200992557e-02,1.997588299613839782e-02
3.193782548222624806e-02,1.935521144871400756e-02,0.000000000000000000e+00,1.596293161360387916e-02,0.000000000000000000e+00,7.419067616686883526e-03,7.230697896967059127e-03
4.228115362903882291e-02,3.019856331182802119e-03,0.000000000000000000e+00,1.450175433678031409e-02,3.115601863410139352e-02,2.797769854439579457e-02,3.615563018855149496e-02
0.000000000000000000e+00,4.706572291403755826e-02,6.576302249807744471e-02,1.378830113916054700e-02,7.039366664084399476e-03,1.170718460782761532e-02,0.000000000000000000e+00
0.000000000000000000e+00,5.632586512501268350e-02,5.245584114610810783e-02,7.296683649100541534e-03,5.914081286467241794e-02,1.599770069842380849e-02,5.000280498451153272e-02
0.000000000000000000e+00,3.073989853884610476e-02,7.974625544108185360e-02,2.150256043527230820e-02,2.258646447704767621e-02,2.956191203157138361e-02,3.184163919889413524e-02
7.180754506205816109e-03,4.672985516566782738e-02,2.232304592415644551e-02,6.285261529389073176e-02,0.000000000000000000e+00,3.905175019335223319e-02,0.000000000000000000e+00
2.850854847287883145e-02,0.000000000000000000e+00,0.000000000000000000e+00,6.360342750233218163e-03,4.374265431983120900e-02,2.971272079555566104e-02,3.240889205146586793e-02
5.824407409771364258e-02,3.794164037889176389e-02,0.000000000000000000e+00,1.912177438725197118e-02,1.697309001492122021e-02,1.883833296890030998e-02,2.173514736228313038e-02
7.556183368257981571e-03,2.246469519502434023e-02,2.923268177023065351e-02,2.106922025930506315e-02,2.448119838403522638e-02,7.761929184068109590e-03,3.889307523082407431e-02
0.000000000000000000e+00,2.100301607987918942e-02,5.039155275199538875e-02,1.882377875253828797e-02,2.166343509291059760e-02,1.291168815814358606e-02,8.129994341206887160e-03
0.000000000000000000e+00,4.720259725140468071e-02,6.184759537120236572e-02,1.623090422501049374e-02,3.359281622452737343e-02,2.138325693334785019e-02,1.288236239866250021e-02
2.153620554405408574e-02,4.513533217618564269e-02,0.000000000000000000e+00,9.617629898268363273e-03,3.122446001125412859e-02,7.683432662092306784e-03,4.167191629046324702e-02
0.000000000000000000e+00,5.844170590958410773e-03,3.727189098051383875e-02,4.083552373180551059e-02,0.000000000000000000e+00,1.379144678215272687e-02,0.000000000000000000e+00
3.359796096999389386e-02,4.304198702270654875e-02,1.415358815079023613e-02,1.723661540940433709e-02,0.000000000000000000e+00,3.643426501512524607e-03,7.103367792318016939e-03
1.980068469274414572e-02,3.205764943296753045e-02,9.241344319777140826e-03,1.537805932915691474e-02,1.600837633540054192e-02,1.047998812967857081e-02,3.697393951981233634e-02
0.000000000000000000e+00,0.000000000000000000e+00,2.067510733637310527e-01,0.000000000000000000e+00,0.000000000000000000e+00,0.000000000000000000e+00,0.000000000000000000e+00
1.036435354882358183e-02,3.938408466454416945e-02,4.533790334252022630e-02,2.106643568964838842e-02,2.606563175923459069e-02,1.935070773189390136e-02,2.172281209381744793e-02
9.301068687502344126e-03,1.507158754693823342e-02,3.495823228789550485e-02,4.492808655238345744e-02,7.387528259222442099e-03,9.669718202636356369e-03,8.156574390618799228e-03
3.378434594274729724e-02,1.284417137330804912e-02,1.779553549980664867e-02,1.469174694864057787e-02,2.341887815422492511e-02,1.340635114473966161e-02,2.832381178741016220e-02
1.582120869259952267e-02,3.310833701420280023e-02,4.941542638422680850e-02,2.166710299271673926e-02,0.000000000000000000e+00,1.633508621901447189e-02,2.529151014749973780e-02
2.542703453185293436e-02,2.240676932937421886e-02,3.820763592486523669e-02,1.894352708203198704e-02,3.846438194403195131e-03,9.710809498096571735e-03,0.000000000000000000e+00
3.213569080595748972e-02,1.769334695875574015e-02,0.000000000000000000e+00,1.119688468176853816e-02,3.332689088407828071e-02,1.418992867491110886e-02,5.463029316012715103e-02
0.000000000000000000e+00,0.000000000000000000e+00,0.000000000000000000e+00,0.000000000000000000e+00,0.000000000000000000e+00,0.000000000000000000e+00,0.000000000000000000e+00
4.862160478241090746e-03,1.935175919684410141e-03,1.046575684521695686e-02,3.425327411921394449e-02,7.486462695487676282e-03,1.487530572310741782e-02,6.810416421868698521e-03
6.934731876151960239e-02,4.972730947966612185e-03,0.000000000000000000e+00,3.219537200634491406e-03,4.952926878579044442e-03,0.000000000000000000e+00,0.000000000000000000e+00
3.686998089419987745e-02,2.279269019053463408e-02,1.380302066343834858e-03,2.328003258116014343e-02,2.457501421349425619e-02,2.019560447171429157e-02,6.801569921305077732e-03
2.645796048801721950e-02,2.819821239248182163e-02,9.039279644448384304e-03,1.861670980108168227e-02,1.965017615796270725e-02,2.053332691473592000e-02,2.410029621963763816e-02
3.178229296530646342e-02,1.891582913023577691e-03,0.000000000000000000e+00,1.234607890392875641e-02,7.831053820070416061e-02,4.574395836823889200e-02,7.045123236754211038e-02
1.683482641334679494e-02,1.999058643070746738e-02,1.409459105844185559e-02,4.866269775927890839e-02,6.167880948216689779e-03,1.891546798010146010e-02,3.334652580500309382e-02
1.814729531131021104e-02,5.205351198809000067e-03,3.404072215105623592e-03,1.226482509467144953e-02,3.644252054946838480e-03,2.785021407135143331e-02,3.876104539560246143e-02
4.700457081518769065e-02,1.341020272863233630e-02,0.000000000000000000e+00,4.881158590169732553e-02,1.758659012608709132e-02,1.393640470723479102e-02,2.702908509232223797e-02
1.029404110374751435e-02,4.541544223141134873e-02,3.219284948773773469e-02,2.102668688685177881e-02,0.000000000000000000e+00,5.901356750107502984e-03,0.000000000000000000e+00
3.707702307310788842e-02,1.830898629050035920e-02,4.531601417184753441e-03,2.377793271888843651e-02,1.187129334751292273e-02,3.561065370911069977e-02,2.714875548205588837e-02
3.959980663334454476e-02,4.012290495070518215e-02,0.000000000000000000e+00,2.118994073687717472e-02,0.000000000000000000e+00,1.593992622904391240e-02,1.066343835695935868e-02
3.544524295511203987e-02,4.951976724077901404e-02,0.000000000000000000e+00,1.964524538979272456e-02,2.053699911965501182e-02,1.700736593951609685e-02,2.896225203103133805e-02
1.368801607885341588e-02,1.191900483110874993e-02,8.449618438522250516e-03,4.506485701422947160e-02,2.903881387695358626e-02,3.210473154979739951e-02,4.795634724459415209e-03
2.257292852125319937e-02,1.914330415137650496e-02,6.429613261012903647e-02,2.928664733031757089e-02,0.000000000000000000e+00,1.879432169205372608e-02,0.000000000000000000e+00
2.921756397716892412e-02,1.868142171904898716e-02,0.000000000000000000e+00,1.817730029402192179e-02,2.188898326424983110e-02,1.738050113516599257e-02,5.363392199070611543e-02
3.036395463769199499e-02,1.882427617339943113e-02,0.000000000000000000e+00,1.584310346346299442e-02,4.918498756951032030e-02,1.879389826000132588e-02,3.072405430926387904e-02
2.958599343899600762e-02,2.184656156749553019e-02,9.200886915388208076e-03,1.963036692907836264e-02,2.283742208972575766e-02,1.963237909139151777e-02,2.734115043022964167e-02
6.972076097992956425e-03,2.697607136867912619e-02,2.805996141810520456e-02,2.120483985383172024e-02,1.240406136834239746e-02,1.405469319866935705e-02,9.976423091585948782e-03
1.890969550561381538e-02,2.865084989782401212e-02,9.959295921780613597e-03,5.654571188020764833e-02,2.102255240772643932e-02,1.687218614535003491e-02,3.973802851141322590e-02
1.276904552839031644e-03,1.995192099830394791e-02,4.972856978786010379e-02,1.212404414231240887e-02,0.000000000000000000e+00,5.041115517836002036e-03,0.000000000000000000e+00
2.745228621421420129e-02,6.845045470683149696e-03,0.000000000000000000e+00,9.178332973876922665e-03,5.670780087391910640e-02,1.284169098085406226e-02,5.810753431717651657e-02
2.456151226578904417e-02,2.360817289872137181e-02,1.732269782660993476e-02,3.188167449529757252e-02,0.000000000000000000e+00,1.200617737468430424e-02,2.955133607569482637e-02
9.156793288745673082e-03,2.125153274675708331e-02,3.169134735176003248e-02,2.277879550049315832e-02,5.891469108006351131e-03,1.217836633156598250e-02,0.000000000000000000e+00
0.000000000000000000e+00,1.070822497110190258e-02,6.751366099713972113e-02,3.302460548645298755e-02,1.870799040015485475e-04,0.000000000000000000e+00,0.000000000000000000e+00
0.000000000000000000e+00,1.599053402402374202e-02,4.998317801718683145e-02,1.783792571083914202e-02,1.653717240683951276e-02,8.362329635106828182e-03,3.260088443846395796e-03
1.365427804564270375e-02,0.000000000000000000e+00,3.654377336129326775e-02,0.000000000000000000e+00,0.000000000000000000e+00,0.000000000000000000e+00,0.000000000000000000e+00
0.000000000000000000e+00,2.084267991805446169e-02,5.635469700838006968e-02,1.852404985292051276e-02,1.615744642733329614e-02,1.305107662324270570e-02,1.234876788061718082e-03
3.366367350849838042e-02,3.224171456104787947e-02,0.000000000000000000e+00,2.866176501181243522e-02,3.854332303527620296e-02,1.697789274550433672e-02,3.752119443372348151e-02
6.546166728312917404e-02,2.526182777974031110e-02,0.000000000000000000e+00,1.933078041874885383e-02,2.865588631164693589e-02,1.998168482994715570e-02,2.815560204952382434e-02
3.641791140832556506e-02,3.002398516912627158e-02,0.000000000000000000e+00,1.320579051879568373e-02,5.079216992839020312e-02,2.672505387960029399e-02,6.040063226463412982e-02
2.335226733400194016e-02,1.885321447756213922e-02,1.017357202270399892e-02,2.086967506349888743e-02,0.000000000000000000e+00,9.376424770990387375e-03,6.975690673540138262e-03
2.246855750561067497e-02,9.887102173365695107e-03,2.178044903656848642e-03,1.690880443857680632e-02,3.213776643618191514e-02,2.785018934387169590e-02,2.271594090081266795e-02
4.649360121947863911e-02,5.782272899427643581e-02,0.000000000000000000e+00,1.613272225277136152e-02,2.878969541214546068e-02,5.474491682323802400e-02,4.295758094074608041e-02
3.223595582728468190e-02,3.286327131979906169e-02,0.000000000000000000e+00,2.306485578045473425e-02,1.515302862530988962e-02,1.592546741851664366e-02,2.289150912906254276e-02
4.843571464824202033e-02,1.301714895854120570e-02,1.859274887314071867e-02,1.606359315386857514e-02,2.434163751405013509e-02,1.556503001258074600e-02,5.326499836365419099e-02
2.210384246110577364e-02,1.748507442452161206e-02,6.619906560892499167e-03,3.949941244485138253e-02,1.572473952678021120e-02,1.280577658562579053e-02,2.377869778808215304e-02
3.874597681855441057e-03,1.392506633824124387e-02,5.382202870709902609e-02,1.905990757058955570e-02,2.591669400964639880e-02,3.706250043003431454e-04,0.000000000000000000e+00
1.451540439220234437e-02,1.648546242440600273e-02,1.040542791151407957e-02,1.896832274618442948e-02,0.000000000000000000e+00,8.706493518882283539e-03,2.598571933020521127e-02
2.639120955279994699e-02,5.385157419246693056e-02,0.000000000000000000e+00,2.101055370859773036e-02,3.920599444687559998e-02,2.731026349707646808e-02,4.173118572726764591e-02
0.000000000000000000e+00,8.859425921326194789e-03,5.108959291499322319e-02,4.139849660817373350e-02,3.578965452706324283e-04,1.795310884891423292e-02,2.328478571620870922e-08
1.162916755536688891e-02,1.459096334189683743e-02,0.000000000000000000e+00,3.496735323835280240e-02,3.351145298855878751e-02,9.886484229109942026e-03,3.452792383429046513e-02
0.000000000000000000e+00,2.403906804216991017e-02,5.684053753076502569e-02,1.580903505427329325e-02,4.427092428218683262e-02,3.537269835106616328e-02,1.390799913244307809e-02
2.560174726091056507e-02,2.737848772315519541e-02,0.000000000000000000e+00,2.060050775413079308e-02,2.562117283594341627e-02,2.206972948000042456e-02,3.628144470276510603e-02
1.406615863007647065e-02,4.060706121481498510e-02,3.776295118839343139e-03,1.780081441045203161e-02,2.608939899385340905e-02,5.718098193209061181e-02,3.053317058477243023e-02
0.000000000000000000e+00,1.013088584085459782e-03,6.324953122717086318e-02,1.977611033139012320e-02,4.286130003570032959e-02,0.000000000000000000e+00,6.971943856083712143e-03
8.410394019660738171e-03,3.939552872284198676e-03,2.501111731559906362e-02,1.966232663527717889e-02,0.000000000000000000e+00,0.000000000000000000e+00,0.000000000000000000e+00
4.041758392727278631e-02,2.745888741167008124e-02,0.000000000000000000e+00,1.952040622784314422e-02,0.000000000000000000e+00,5.157747578150533377e-03,1.560073870002850506e-02
0.000000000000000000e+00,3.980258564742413657e-02,5.722834254187936925e-02,2.748028492602639858e-02,1.940142149390989071e-02,2.931478108562847115e-02,3.551224634490511740e-03
0.000000000000000000e+00,9.879601431200634234e-03,4.849087409087004391e-02,1.107569610063872424e-02,1.322725857318114359e-02,0.000000000000000000e+00,1.206729846243376019e-04
1.912681488752806039e-02,9.805483150933375427e-03,0.000000000000000000e+00,5.100537044438601536e-02,1.616317049854388427e-02,1.203611899932660947e-02,2.100737795620769011e-02
1.042798923304575076e-01,9.285688129489193254e-02,0.000000000000000000e+00,2.912452053437081592e-02,0.000000000000000000e+00,2.329991583321331869e-02,5.833851070621817562e-03
2.903003168436141604e-02,3.384837982464591888e-02,1.942782138119442852e-03,2.232462789488976612e-02,0.000000000000000000e+00,3.561916925583275429e-03,2.800099693922965260e-02
3.734019136569918795e-02,3.590128725125285580e-02,0.000000000000000000e+00,4.813056482456578439e-02,9.873807634374457548e-03,2.933299789653283710e-02,1.911689923827528462e-02
5.814614631004613732e-02,0.000000000000000000e+00,0.000000000000000000e+00,5.943184575883004271e-03,5.557430208161645568e-02,1.509874538754643137e-03,4.089271218942459180e-02
1.776550199328149476e-02,3.478103342563790452e-03,4.474034018630388548e-02,1.618254080542479503e-02,2.277477888162195846e-02,3.195920840267046144e-03,2.234516181205142718e-04
3.343648475805469783e-02,2.685527221035395942e-02,6.296620974164967612e-03,3.198381487122249622e-02,2.312247871077482628e-02,1.603479073392950066e-02,3.139036619080351476e-02
1.156797953337419631e-02,2.188731902562032761e-02,1.441502295890684411e-02,1.811816483645517159e-02,1.153436190556950819e-02,8.523748629601599416e-03,1.192665081241550337e-02
1.975896422398416841e-02,1.796884431211407535e-02,0.000000000000000000e+00,1.356701051984436981e-02,2.663713996416325683e-02,1.812403945538696229e-02,4.758211186100670675e-02
9.803212023454424551e-03,1.253674855328641702e-02,2.370281084489303525e-02,1.925500126543191678e-02,0.000000000000000000e+00,4.499089217589505828e-03,1.350091294426393994e-02
0.000000000000000000e+00,1.633590858513350036e-02,0.000000000000000000e+00,0.000000000000000000e+00,1.445761150600726463e-01,5.270768446347626202e-02,1.241417213067462083e-01
1.897976123696598280e-02,1.700060767065966066e-02,0.000000000000000000e+00,1.552683903874887798e-02,4.693545610687616804e-02,3.471402689486630805e-02,6.227035868671618180e-02
4.987273891275521842e-02,6.334860495617852805e-02,2.012649032667157556e-02,3.054139544592095190e-02,1.724720780174742243e-02,1.576577960789993585e-02,4.237061948713237609e-03
3.378320935444610595e-02,1.137157537940774316e-02,7.042879127899054565e-04,2.066827412743381040e-02,0.000000000000000000e+00,4.261012672772179766e-03,0.000000000000000000e+00
3.742575238923259023e-02,2.078784890041698516e-03,0.000000000000000000e+00,1.075085271617834230e-02,6.980918060383414780e-02,2.321645292522929102e-02,3.632085197048913472e-02
1.925171011317912059e-02,0.000000000000000000e+00,0.000000000000000000e+00,7.093820028853989323e-03,5.580157886341437917e-02,1.008913392599883677e-02,5.395577425303990649e-02
1.162348159212545085e-02,2.286789302038920099e-02,2.976299756805251759e-02,2.151054541178582316e-02,2.612033406550206063e-02,1.673114526058844601e-02,3.532992060546163299e-02
0.000000000000000000e+00,0.000000000000000000e+00,6.935085647938148135e-02,0.000000000000000000e+00,0.000000000000000000e+00,0.000000000000000000e+00,0.000000000000000000e+00
2.441040503602702472e-02,1.676872058011329505e-02,3.803094583047608723e-02,1.764311246376719725e-02,0.000000000000000000e+00,2.551880226670675753e-02,1.233218188455680389e-02
0.000000000000000000e+00,5.974455336730351111e-03,4.662861032848759912e-02,1.187917029037504138e-02,0.000000000000000000e+00,0.000000000000000000e+00,0.000000000000000000e+00
2.481098217237309896e-03,2.415206122548081008e-02,2.996996918702961310e-02,3.510437957890431837e-02,2.309424322872574709e-02,3.344290725114117818e-02,1.587330648079761722e-02
0.000000000000000000e+00,2.977720825599021459e-02,4.185539468394356560e-02,3.251302837564987863e-02,1.268124455609367582e-02,9.328445239403614433e-03,1.458216069601796358e-03
1.118179446535736907e-02,6.231146777939349651e-02,2.741957926071171558e-02,2.254556125865283742e-02,3.302761340224712877e-02,2.381544334927877121e-02,3.881895692027309552e-02
1.276533473672929707e-02,0.000000000000000000e+00,3.794131497401038305e-02,7.640450955746524477e-03,1.720147882424589991e-02,2.727491065525725327e-03,1.576229879014888827e-02
0.000000000000000000e+00,6.205597805768451290e-03,2.401391379677685761e-02,1.518985838317898733e-02,3.266246217602193636e-02,6.190596847833243314e-03,8.407198526413143386e-03
1.421914343882473182e-02,1.790884399846905117e-02,3.508647812184261666e-02,2.044613299308257678e-02,2.021112924673496708e-02,2.974189627137377445e-02,1.517441938005613562e-02
4.816453046578521996e-02,2.176489258223960818e-02,0.000000000000000000e+00,1.948476556071027099e-02,2.693744069270954597e-02,1.673450042778877253e-02,2.582424813697841576e-02
1.953996805165428008e-01,6.046999041293741467e-02,0.000000000000000000e+00,2.411003653248657702e-02,0.000000000000000000e+00,0.000000000000000000e+00,0.000000000000000000e+00
4.060285650203998564e-02,3.412156019962275799e-02,0.000000000000000000e+00,1.920768739332699357e-02,3.141338889997749573e-02,1.334280076199390735e-02,3.761537027406265665e-02
2.381968539607141541e-02,2.186229889949687158e-02,3.990210111087358932e-04,3.907029888408694585e-02,3.095468037247452869e-02,4.092060330344912678e-02,2.315091993364013986e-02
0.000000000000000000e+00,2.165137988444351333e-02,7.718514787696846569e-02,2.071972522328993649e-02,1.419842988128983303e-02,1.175380953346688746e-02,1.275504395035439477e-02
3.837021459973107701e-02,9.201673472601269374e-03,0.000000000000000000e+00,7.799932063858946649e-03,1.967906774640550832e-02,1.704897801239804722e-02,3.165482139509797482e-02
1.157858051250881988e-02,2.921496919887172500e-02,1.013758989725744436e-02,1.845809918679581010e-02,3.259579227676771829e-02,2.287152473020225354e-02,2.554607920887001782e-02
2.170215022647839845e-02,2.814591947716538547e-02,2.845521149965091201e-02,2.075557222192577281e-02,1.351276038621408715e-02,2.179105597412283463e-02,2.951933174335183777e-02
3.880974316290213780e-03,2.653302934192109871e-02,3.689392747795932487e-02,2.123067533379845162e-02,1.967264694048946952e-02,3.205669292544875443e-03,7.010766745621913043e-03
1.123394850520283150e-02,2.574095849539554878e-02,1.719731634119016361e-02,2.098860140212154696e-02,7.469271981726374222e-03,1.636183669789384107e-02,1.120285355444077501e-02
2.004629144626673271e-02,2.184707502703904514e-02,2.421340470528638225e-02,1.458414758129678718e-02,3.123172818782509949e-02,5.065442260884957942e-02,3.161248227571496205e-02
0.000000000000000000e+00,8.748719154536767351e-03,4.598020739543226543e-02,1.594610164576342956e-02,5.598667680011530472e-03,5.069620792776495868e-03,2.545772475028466614e-03
0.000000000000000000e+00,3.436760662583857040e-02,5.679941925613902348e-02,4.456796867766146114e-02,2.235021095301928037e-02,2.739736199833193997e-02,0.000000000000000000e+00
6.539147711273023481e-03,1.485823973076622756e-02,2.632707516273766896e-02,2.453671334292073861e-02,8.271035978337447012e-03,6.986270272725049295e-03,5.886745189796767364e-03
7.778903531263348103e-02,2.931352949122501689e-02,0.000000000000000000e+00,2.311462175543061229e-02,0.000000000000000000e+00,1.403032061296721929e-02,3.381461114328351836e-02
3.494573504910505196e-02,2.279949040524466286e-02,0.000000000000000000e+00,2.151479449065039559e-02,2.442085259652996415e-02,1.857205271375173342e-02,2.775216621110296669e-02
2.682246486780821837e-02,4.922433629182468642e-03,0.000000000000000000e+00,2.853707907543911321e-02,5.435805416427806624e-02,3.598053102594443026e-02,5.461617815147745691e-02
1.381147251493221144e-02,1.774552059166912762e-02,1.849664220373661155e-02,1.812611821737968032e-02,0.000000000000000000e+00,3.421136284296501240e-02,5.214531583930924995e-03
0.000000000000000000e+00,0.000000000000000000e+00,4.765425315036377063e-02,7.642177005807783072e-03,5.700801776417486859e-03,0.000000000000000000e+00,1.262575687082991525e-02
0.000000000000000000e+00,0.000000000000000000e+00,0.000000000000000000e+00,0.000000000000000000e+00,0.000000000000000000e+00,0.000000000000000000e+00,0.000000000000000000e+00
6.372664020139810065e-03,2.126404403762331002e-02,4.152770410406949469e-02,1.793817911648381766e-02,2.063191295128113251e-02,1.334517307821485137e-02,9.856650310989331296e-03
3.540558556173855481e-02,3.090148081939766977e-02,0.000000000000000000e+00,1.633969696116917975e-02,3.652943157926952233e-02,4.269722044419721474e-02,5.160079432917837744e-02
2.901991099358342679e-02,1.959576995833824109e-02,3.100578143069930223e-02,2.277654711206290178e-02,8.935158576317481704e-04,6.728176689653734069e-03,1.203972434369990525e-02
0.000000000000000000e+00,2.579868153640952830e-02,6.375854089970144079e-02,1.161703070501371796e-02,4.184866655432181032e-02,1.972523420262169841e-02,1.495386861826606371e-02
3.634369615059555858e-02,1.158804611566799717e-02,0.000000000000000000e+00,2.027049493074641051e-02,2.756015118981460649e-03,6.510841144913705886e-03,1.400779041363271922e-02
3.216123546788901555e-02,2.674827148745160393e-02,2.677785686096340739e-02,4.366899499432057297e-02,5.559041929950193917e-02,2.023002314625451867e-02,2.038125731152993364e-02
0.000000000000000000e+00,2.557914880053988385e-02,7.384332737667380353e-02,1.417747480771390164e-02,3.230850643552091866e-02,1.607831404513611687e-02,1.843033760825092335e-02
2.843251266891499290e-02,2.349556668012607943e-02,0.000000000000000000e+00,1.771507261005522346e-02,3.014089983697691016e-02,2.000153727950484614e-02,3.341925642416904846e-02
8.341322817031326248e-03,1.584967367324483997e-02,2.438903571289509353e-02,2.250385110845367839e-02,2.018140746734589392e-03,7.526209640936780063e-03,1.666528432217864730e-02
4.525089830133354613e-02,5.578285939347488349e-03,4.664676238640448093e-03,1.300873104664487280e-02,0.000000000000000000e+00,2.606233544448068734e-02,0.000000000000000000e+00
1.497426892055690045e-02,4.276031691358685854e-02,5.373836161085948290e-03,2.206750191915587619e-02,2.321521590544722499e-02,1.948970897211992070e-02,2.375408902979137329e-02
1.763411300898437561e-02,1.908959151644567739e-02,2.546083646358808170e-02,1.989282398194877968e-02,2.137120509309127503e-02,1.311811374933079082e-02,1.718859642529680168e-02
1.016632713646773573e-02,6.443318555404234371e-02,1.684054816689873127e-02,2.461659774966713093e-02,4.468453030411270038e-02,3.828019768683043472e-02,2.817073499356731112e-02
2.188674189197375650e-02,3.220972434137517326e-02,1.870706963899894729e-02,2.697174239392648512e-02,1.079360292911833719e-02,1.573000056083389414e-02,1.065417930692256349e-02
0.000000000000000000e+00,5.461177792639469036e-02,4.784243927974746180e-02,1.054140957936432373e-02,2.336225688231003197e-02,1.051767116890719479e-02,1.109071598491152486e-02
3.457377532449198987e-02,2.272861234164671312e-02,0.000000000000000000e+00,1.779042950513384097e-02,2.807140896543929703e-02,2.893707465778657881e-02,2.809876004599567295e-02
0.000000000000000000e+00,2.188472297608093364e-02,7.208609695893103408e-02,2.024384784658170289e-02,2.933536163588221137e-03,7.953747546804548416e-03,0.000000000000000000e+00
2.841078100452380101e-02,9.464200341547690173e-03,0.000000000000000000e+00,1.590151847414411623e-02,4.151886873736545386e-02,2.690165819962209159e-02,3.701919983515192247e-02
2.880065104513265459e-02,1.903274922510634834e-02,0.000000000000000000e+00,1.519459345007343962e-02,3.544067637430199647e-02,2.026965669663431321e-02,3.449911325297048276e-02
