1.557889677576264689e-02,0.000000000000000000e+00,0.000000000000000000e+00,0.000000000000000000e+00,1.815002296807503163e-02,0.000000000000000000e+00,0.000000000000000000e+00,3.115141878397465272e-02,3.010650505633665625e-02,0.000000000000000000e+00
2.430817816095832279e-02,0.000000000000000000e+00,0.000000000000000000e+00,1.296901052184026674e-03,3.040053532995800299e-03,0.000000000000000000e+00,2.053203447411593510e-02,2.457037444995422912e-02,0.000000000000000000e+00,1.560731121433470842e-02
0.000000000000000000e+00,0.000000000000000000e+00,0.000000000000000000e+00,0.000000000000000000e+00,0.000000000000000000e+00,3.006614373890287772e-04,0.000000000000000000e+00,4.530954925160175263e-03,2.630847556483813590e-02,0.000000000000000000e+00
0.000000000000000000e+00,2.635961396374825877e-02,1.114251232202207766e-02,2.055534474489406627e-02,0.000000000000000000e+00,0.000000000000000000e+00,0.000000000000000000e+00,0.000000000000000000e+00,0.000000000000000000e+00,0.000000000000000000e+00
0.000000000000000000e+00,0.000000000000000000e+00,0.000000000000000000e+00,2.482780689279520669e-02,1.100797878566588464e-02,1.673797703287989783e-02,1.674011705014354437e-02,0.000000000000000000e+00,1.224814788079483466e-03,0.000000000000000000e+00
0.000000000000000000e+00,2.153386811029117665e-02,2.431086730569417820e-02,0.000000000000000000e+00,0.000000000000000000e+00,0.000000000000000000e+00,0.000000000000000000e+00,0.000000000000000000e+00,0.000000000000000000e+00,3.093294965000822905e-02
4.879560104650276092e-03,1.423269136526988596e-02,0.000000000000000000e+00,0.000000000000000000e+00,8.805712723538586945e-03,2.370872803977857463e-02,0.000000000000000000e+00,0.000000000000000000e+00,1.882489450037279702e-02,0.000000000000000000e+00
0.000000000000000000e+00,0.000000000000000000e+00,0.000000000000000000e+00,0.000000000000000000e+00,0.000000000000000000e+00,0.000000000000000000e+00,1.941232538496203558e-02,0.000000000000000000e+00,0.000000000000000000e+00,0.000000000000000000e+00
0.000000000000000000e+00,0.000000000000000000e+00,1.126788224425316273e-02,0.000000000000000000e+00,2.332966649901030681e-03,1.522160731727107731e-02,6.046376189382462844e-03,0.000000000000000000e+00,2.102224072503097035e-02,0.000000000000000000e+00
4.407223151292116899e-03,0.000000000000000000e+00,0.000000000000000000e+00,1.679770067417531154e-02,2.352368304616609881e-02,0.000000000000000000e+00,2.390440889706805030e-02,2.126842988402696810e-02,0.000000000000000000e+00,0.000000000000000000e+00
1.096483980351830277e-02,0.000000000000000000e+00,2.572572127829957783e-02,0.000000000000000000e+00,0.000000000000000000e+00,0.000000000000000000e+00,0.000000000000000000e+00,0.000000000000000000e+00,1.146495220457907117e-02,0.000000000000000000e+00
0.000000000000000000e+00,0.000000000000000000e+00,7.767005648638808900e-03,0.000000000000000000e+00,5.864844619391341518e-04,0.000000000000000000e+00,2.320414530617906715e-02,1.146438085625900438e-02,2.880865616612575744e-02,0.000000000000000000e+00
0.000000000000000000e+00,0.000000000000000000e+00,7.291689612807689645e-03,0.000000000000000000e+00,0.000000000000000000e+00,0.000000000000000000e+00,0.000000000000000000e+00,0.000000000000000000e+00,0.000000000000000000e+00,1.740068662657408630e-02
0.000000000000000000e+00,1.698604181343786601e-02,0.000000000000000000e+00,2.810011693934275773e-02,2.191882816602026135e-02,2.670974219704468078e-02,0.000000000000000000e+00,0.000000000000000000e+00,0.000000000000000000e+00,0.000000000000000000e+00
0.000000000000000000e+00,2.120898272576613938e-02,0.000000000000000000e+00,0.000000000000000000e+00,0.000000000000000000e+00,2.975789207584124754e-02,0.000000000000000000e+00,0.000000000000000000e+00,0.000000000000000000e+00,0.000000000000000000e+00
4.559909217421814071e-03,0.000000000000000000e+00,4.130231321841690284e-03,0.000000000000000000e+00,0.000000000000000000e+00,2.130931476253643958e-02,0.000000000000000000e+00,0.000000000000000000e+00,2.513846401399959241e-02,0.000000000000000000e+00
0.000000000000000000e+00,5.014065735514760050e-03,1.221136643000837047e-02,0.000000000000000000e+00,0.000000000000000000e+00,0.000000000000000000e+00,1.222496000321621895e-02,0.000000000000000000e+00,0.000000000000000000e+00,0.000000000000000000e+00
1.284350810201086331e-02,2.579824373639940868e-02,0.000000000000000000e+00,0.000000000000000000e+00,1.802632071020079593e-02,0.000000000000000000e+00,0.000000000000000000e+00,0.000000000000000000e+00,0.000000000000000000e+00,0.000000000000000000e+00
0.000000000000000000e+00,0.000000000000000000e+00,0.000000000000000000e+00,4.685595239601298518e-04,0.000000000000000000e+00,0.000000000000000000e+00,0.000000000000000000e+00,0.000000000000000000e+00,0.000000000000000000e+00,0.000000000000000000e+00
0.000000000000000000e+00,8.751811761343585580e-04,2.295321897052888388e-02,4.587479851714380656e-03,0.000000000000000000e+00,0.000000000000000000e+00,1.413564235678436455e-02,0.000000000000000000e+00,0.000000000000000000e+00,0.000000000000000000e+00
0.000000000000000000e+00,3.079209177950500281e-02,1.569753031023515908e-03,0.000000000000000000e+00,0.000000000000000000e+00,0.000000000000000000e+00,0.000000000000000000e+00,0.000000000000000000e+00,0.000000000000000000e+00,0.000000000000000000e+00
0.000000000000000000e+00,0.000000000000000000e+00,0.000000000000000000e+00,0.000000000000000000e+00,7.998030245413127043e-03,0.000000000000000000e+00,0.000000000000000000e+00,0.000000000000000000e+00,0.000000000000000000e+00,9.939878188872179263e-03
0.000000000000000000e+00,0.000000000000000000e+00,0.000000000000000000e+00,0.000000000000000000e+00,8.532379532650492164e-04,2.692723821844248203e-02,2.749608912258164409e-02,0.000000000000000000e+00,0.000000000000000000e+00,2.458863075300371775e-03
1.915906907479735313e-02,1.320760449927133214e-02,0.000000000000000000e+00,1.893036246237441572e-02,0.000000000000000000e+00,0.000000000000000000e+00,0.000000000000000000e+00,2.792254495735051883e-02,0.000000000000000000e+00,1.806804449520891392e-02
1.299184675010909423e-02,0.000000000000000000e+00,0.000000000000000000e+00,6.635833371710525043e-03,0.000000000000000000e+00,0.000000000000000000e+00,1.043970689117564195e-02,0.000000000000000000e+00,0.000000000000000000e+00,1.521609523113818911e-02
0.000000000000000000e+00,0.000000000000000000e+00,0.000000000000000000e+00,1.108787321068450786e-02,2.925164935846471387e-02,0.000000000000000000e+00,0.000000000000000000e+00,0.000000000000000000e+00,0.000000000000000000e+00,0.000000000000000000e+00
0.000000000000000000e+00,1.510117175245141372e-02,0.000000000000000000e+00,0.000000000000000000e+00,0.000000000000000000e+00,1.532537281213114562e-02,0.000000000000000000e+00,0.000000000000000000e+00,2.878122758118553670e-02,0.000000000000000000e+00
0.000000000000000000e+00,0.000000000000000000e+00,1.287522864327841389e-02,0.000000000000000000e+00,0.000000000000000000e+00,0.000000000000000000e+00,0.000000000000000000e+00,9.401703391065897517e-03,0.000000000000000000e+00,0.000000000000000000e+00
0.000000000000000000e+00,6.826883438603660072e-03,1.447357976908925266e-02,1.641531368518395900e-02,0.000000000000000000e+00,0.000000000000000000e+00,0.000000000000000000e+00,0.000000000000000000e+00,0.000000000000000000e+00,1.418358775013036505e-02
2.722243130612166800e-02,0.000000000000000000e+00,0.000000000000000000e+00,0.000000000000000000e+00,1.774507009936745691e-03,0.000000000000000000e+00,0.000000000000000000e+00,0.000000000000000000e+00,2.873230194936314541e-02,0.000000000000000000e+00
2.071429931387029286e-02,1.787669104499627765e-02,2.380342241106137013e-02,0.000000000000000000e+00,0.000000000000000000e+00,0.000000000000000000e+00,2.874629122738841733e-03,0.000000000000000000e+00,0.000000000000000000e+00,1.983346404370326874e-02
0.000000000000000000e+00,0.000000000000000000e+00,0.000000000000000000e+00,0.000000000000000000e+00,0.000000000000000000e+00,8.469932443562363383e-03,0.000000000000000000e+00,0.000000000000000000e+00,4.672269443061966075e-04,0.000000000000000000e+00
0.000000000000000000e+00,1.583172016928777182e-02,2.354534401590449230e-02,0.000000000000000000e+00,0.000000000000000000e+00,0.000000000000000000e+00,0.000000000000000000e+00,0.000000000000000000e+00,2.087326451334655004e-03,0.000000000000000000e+00
0.000000000000000000e+00,0.000000000000000000e+00,0.000000000000000000e+00,0.000000000000000000e+00,0.000000000000000000e+00,1.512954078497918443e-02,0.000000000000000000e+00,0.000000000000000000e+00,0.000000000000000000e+00,2.824082086764927516e-02
1.436949732541227629e-03,1.892702743641100707e-02,0.000000000000000000e+00,0.000000000000000000e+00,0.000000000000000000e+00,0.000000000000000000e+00,0.000000000000000000e+00,1.926849865314672616e-02,0.000000000000000000e+00,0.000000000000000000e+00
0.000000000000000000e+00,0.000000000000000000e+00,0.000000000000000000e+00,0.000000000000000000e+00,0.000000000000000000e+00,5.034198951494328785e-03,0.000000000000000000e+00,0.000000000000000000e+00,2.824584929385653975e-02,2.804071184465351408e-03
0.000000000000000000e+00,2.828776619851565768e-02,0.000000000000000000e+00,0.000000000000000000e+00,1.824524416927133380e-02,0.000000000000000000e+00,2.524155305700331517e-03,0.000000000000000000e+00,3.184750473061392223e-02,0.000000000000000000e+00
0.000000000000000000e+00,0.000000000000000000e+00,0.000000000000000000e+00,1.213832166703166481e-02,1.790329301119567354e-02,1.106785905450054924e-02,0.000000000000000000e+00,0.000000000000000000e+00,2.672639540461096974e-02,0.000000000000000000e+00
1.483883630133570400e-02,0.000000000000000000e+00,0.000000000000000000e+00,0.000000000000000000e+00,0.000000000000000000e+00,0.000000000000000000e+00,0.000000000000000000e+00,2.329550121809712340e-02,2.953399160697265866e-02,2.136723167113845426e-02
0.000000000000000000e+00,0.000000000000000000e+00,0.000000000000000000e+00,0.000000000000000000e+00,5.864948264370414485e-03,0.000000000000000000e+00,2.544250284386372074e-02,2.228100522496512248e-02,0.000000000000000000e+00,0.000000000000000000e+00
0.000000000000000000e+00,0.000000000000000000e+00,0.000000000000000000e+00,0.000000000000000000e+00,2.268474085299045095e-02,0.000000000000000000e+00,0.000000000000000000e+00,2.730503651697838499e-02,6.469679305391259905e-03,0.000000000000000000e+00
4.503164580935125130e-03,0.000000000000000000e+00,0.000000000000000000e+00,0.000000000000000000e+00,0.000000000000000000e+00,0.000000000000000000e+00,0.000000000000000000e+00,0.000000000000000000e+00,0.000000000000000000e+00,0.000000000000000000e+00
0.000000000000000000e+00,0.000000000000000000e+00,0.000000000000000000e+00,0.000000000000000000e+00,0.000000000000000000e+00,2.236769262405593692e-02,6.893757056088513531e-03,1.103683887287726373e-02,1.684771180090538500e-02,0.000000000000000000e+00
1.083811607343258127e-02,0.000000000000000000e+00,0.000000000000000000e+00,0.000000000000000000e+00,2.601970939291888690e-02,6.003177489397706554e-03,0.000000000000000000e+00,0.000000000000000000e+00,0.000000000000000000e+00,1.456842899990308006e-02
2.927010365973873110e-02,0.000000000000000000e+00,0.000000000000000000e+00,0.000000000000000000e+00,0.000000000000000000e+00,0.000000000000000000e+00,1.258288774961703951e-02,2.924202567498716474e-02,1.014589999006195939e-02,0.000000000000000000e+00
0.000000000000000000e+00,0.000000000000000000e+00,0.000000000000000000e+00,3.107540168837000585e-02,0.000000000000000000e+00,0.000000000000000000e+00,0.000000000000000000e+00,0.000000000000000000e+00,3.003924541176960020e-02,0.000000000000000000e+00
0.000000000000000000e+00,2.031558066560574735e-02,0.000000000000000000e+00,0.000000000000000000e+00,2.436401245433954255e-02,3.786371700000500020e-03,0.000000000000000000e+00,0.000000000000000000e+00,0.000000000000000000e+00,3.096218724867092539e-03
0.000000000000000000e+00,0.000000000000000000e+00,0.000000000000000000e+00,0.000000000000000000e+00,3.744799155715803143e-03,0.000000000000000000e+00,0.000000000000000000e+00,7.964888074189407918e-03,0.000000000000000000e+00,2.140548441444677097e-02
1.904164039107782841e-02,0.000000000000000000e+00,0.000000000000000000e+00,0.000000000000000000e+00,0.000000000000000000e+00,0.000000000000000000e+00,4.454142375314591382e-03,0.000000000000000000e+00,6.430631470074489771e-03,0.000000000000000000e+00
0.000000000000000000e+00,0.000000000000000000e+00,1.350485985923437215e-02,1.064171607530746584e-02,2.498671649966634212e-02,0.000000000000000000e+00,0.000000000000000000e+00,0.000000000000000000e+00,2.852183872737960348e-03,0.000000000000000000e+00
1.492848815230600869e-03,0.000000000000000000e+00,0.000000000000000000e+00,5.913054961631808090e-03,0.000000000000000000e+00,0.000000000000000000e+00,0.000000000000000000e+00,0.000000000000000000e+00,1.155662583465898348e-02,0.000000000000000000e+00
1.002288715373952747e-02,0.000000000000000000e+00,0.000000000000000000e+00,0.000000000000000000e+00,0.000000000000000000e+00,0.000000000000000000e+00,2.137232534179731459e-03,0.000000000000000000e+00,2.433175898509205848e-02,0.000000000000000000e+00
0.000000000000000000e+00,0.000000000000000000e+00,0.000000000000000000e+00,2.147155115416855484e-02,0.000000000000000000e+00,0.000000000000000000e+00,2.284088946979207294e-02,2.623132228394682575e-02,0.000000000000000000e+00,7.088067642653812089e-03
0.000000000000000000e+00,0.000000000000000000e+00,0.000000000000000000e+00,1.761206643910356168e-02,0.000000000000000000e+00,0.000000000000000000e+00,3.082944348630612882e-03,1.335789516406038491e-02,0.000000000000000000e+00,0.000000000000000000e+00
7.014629870477248966e-03,0.000000000000000000e+00,3.467142956009532703e-03,1.458918435899618504e-03,2.925040660533141657e-02,0.000000000000000000e+00,0.000000000000000000e+00,0.000000000000000000e+00,0.000000000000000000e+00,1.851449805252453713e-03
0.000000000000000000e+00,2.657845122845664543e-02,0.000000000000000000e+00,0.000000000000000000e+00,2.601597628110105531e-02,0.000000000000000000e+00,1.597132380237307678e-02,0.000000000000000000e+00,0.000000000000000000e+00,0.000000000000000000e+00
0.000000000000000000e+00,8.138299828474552730e-03,9.631853425545823522e-03,0.000000000000000000e+00,2.476116726591206380e-02,0.000000000000000000e+00,0.000000000000000000e+00,0.000000000000000000e+00,0.000000000000000000e+00,2.149641788574392295e-02
1.618464473668544071e-03,2.883535656828465840e-02,0.000000000000000000e+00,0.000000000000000000e+00,0.000000000000000000e+00,2.721183699859835992e-02,4.594339132621909350e-03,1.052028602736420140e-02,0.000000000000000000e+00,1.643609832428089002e-02
2.801214469633821896e-02,0.000000000000000000e+00,6.698166379463900595e-03,7.550723255861425433e-04,0.000000000000000000e+00,1.018640206486325084e-02,0.000000000000000000e+00,0.000000000000000000e+00,0.000000000000000000e+00,2.344921668124640146e-02
0.000000000000000000e+00,0.000000000000000000e+00,0.000000000000000000e+00,0.000000000000000000e+00,0.000000000000000000e+00,0.000000000000000000e+00,2.291804512671329064e-02,0.000000000000000000e+00,0.000000000000000000e+00,0.000000000000000000e+00
0.000000000000000000e+00,7.579040135521981220e-03,0.000000000000000000e+00,0.000000000000000000e+00,0.000000000000000000e+00,0.000000000000000000e+00,0.000000000000000000e+00,0.000000000000000000e+00,0.000000000000000000e+00,0.000000000000000000e+00
0.000000000000000000e+00,0.000000000000000000e+00,0.000000000000000000e+00,0.000000000000000000e+00,2.437237002204609843e-02,7.352042541816017004e-03,0.000000000000000000e+00,6.669374524637362248e-04,2.803728364882342866e-02,0.000000000000000000e+00
0.000000000000000000e+00,8.397441139554031805e-03,0.000000000000000000e+00,3.012963562569275985e-02,0.000000000000000000e+00,3.582912609852979911e-04,0.000000000000000000e+00,0.000000000000000000e+00,0.000000000000000000e+00,1.961054030876941030e-03
1.602211643427933416e-02,0.000000000000000000e+00,0.000000000000000000e+00,2.075186332274449666e-02,0.000000000000000000e+00,1.845834896504364858e-02,0.000000000000000000e+00,1.827893284272614008e-02,0.000000000000000000e+00,1.092550504842180331e-02
1.914245616105028983e-02,0.000000000000000000e+00,0.000000000000000000e+00,9.325601484991331153e-03,0.000000000000000000e+00,1.347954097930408046e-02,0.000000000000000000e+00,0.000000000000000000e+00,0.000000000000000000e+00,2.109113646515908130e-02
2.314349814950029255e-02,0.000000000000000000e+00,0.000000000000000000e+00,0.000000000000000000e+00,0.000000000000000000e+00,0.000000000000000000e+00,1.902105816323466925e-02,1.296166927207427835e-02,0.000000000000000000e+00,2.047833818018473043e-02
0.000000000000000000e+00,0.000000000000000000e+00,1.876185030525701763e-02,0.000000000000000000e+00,0.000000000000000000e+00,0.000000000000000000e+00,0.000000000000000000e+00,1.002557737372533446e-02,0.000000000000000000e+00,0.000000000000000000e+00
0.000000000000000000e+00,0.000000000000000000e+00,2.428767960120088026e-02,0.000000000000000000e+00,0.000000000000000000e+00,0.000000000000000000e+00,0.000000000000000000e+00,0.000000000000000000e+00,0.000000000000000000e+00,0.000000000000000000e+00
0.000000000000000000e+00,0.000000000000000000e+00,0.000000000000000000e+00,7.473892365298428000e-03,0.000000000000000000e+00,0.000000000000000000e+00,0.000000000000000000e+00,0.000000000000000000e+00,0.000000000000000000e+00,0.000000000000000000e+00
0.000000000000000000e+00,2.603027910024703628e-02,0.000000000000000000e+00,5.087088819879828985e-03,0.000000000000000000e+00,1.078930064991617116e-02,0.000000000000000000e+00,0.000000000000000000e+00,0.000000000000000000e+00,0.000000000000000000e+00
0.000000000000000000e+00,0.000000000000000000e+00,0.000000000000000000e+00,0.000000000000000000e+00,0.000000000000000000e+00,0.000000000000000000e+00,0.000000000000000000e+00,2.458240537750577825e-02,0.000000000000000000e+00,0.000000000000000000e+00
0.000000000000000000e+00,2.459436689048570546e-02,0.000000000000000000e+00,0.000000000000000000e+00,2.195997176885063074e-02,0.000000000000000000e+00,0.000000000000000000e+00,0.000000000000000000e+00,0.000000000000000000e+00,0.000000000000000000e+00
0.000000000000000000e+00,1.175634026318086843e-04,0.000000000000000000e+00,8.149011529758772715e-03,6.994452996237012117e-03,0.000000000000000000e+00,0.000000000000000000e+00,0.000000000000000000e+00,2.956531583027894108e-02,0.000000000000000000e+00
0.000000000000000000e+00,1.772758227494129410e-02,0.000000000000000000e+00,2.481159209006575037e-02,2.088726299915628568e-02,0.000000000000000000e+00,0.000000000000000000e+00,0.000000000000000000e+00,0.000000000000000000e+00,9.548795351797721709e-03
1.918824898607543808e-02,0.000000000000000000e+00,1.179515583744840390e-02,0.000000000000000000e+00,0.000000000000000000e+00,0.000000000000000000e+00,0.000000000000000000e+00,0.000000000000000000e+00,0.000000000000000000e+00,2.365627381702027285e-02
1.912078304557495540e-03,0.000000000000000000e+00,0.000000000000000000e+00,0.000000000000000000e+00,2.775040642935230201e-02,0.000000000000000000e+00,0.000000000000000000e+00,2.168230960858979692e-02,0.000000000000000000e+00,0.000000000000000000e+00
0.000000000000000000e+00,2.183389066655740465e-02,0.000000000000000000e+00,1.311768588532641333e-02,0.000000000000000000e+00,1.747381141096749843e-02,0.000000000000000000e+00,2.126929087548149258e-02,0.000000000000000000e+00,4.480513371150581826e-03
2.164152741611280809e-02,0.000000000000000000e+00,2.998213610631089016e-02,0.000000000000000000e+00,0.000000000000000000e+00,0.000000000000000000e+00,0.000000000000000000e+00,0.000000000000000000e+00,5.777048849687912817e-03,2.991636936172692440e-02
1.789198988162590126e-02,0.000000000000000000e+00,0.000000000000000000e+00,0.000000000000000000e+00,0.000000000000000000e+00,2.299776350284121751e-02,0.000000000000000000e+00,0.000000000000000000e+00,1.801276910244026599e-02,4.756718937616168791e-03
1.518844494108569261e-02,0.000000000000000000e+00,0.000000000000000000e+00,0.000000000000000000e+00,0.000000000000000000e+00,2.077180198837129399e-02,1.991283108896172924e-02,3.212923479844725233e-02,0.000000000000000000e+00,0.000000000000000000e+00
0.000000000000000000e+00,0.000000000000000000e+00,1.736245366871469811e-02,0.000000000000000000e+00,2.648087770568487501e-02,5.389721113204972401e-03,0.000000000000000000e+00,0.000000000000000000e+00,0.000000000000000000e+00,0.000000000000000000e+00
0.000000000000000000e+00,0.000000000000000000e+00,0.000000000000000000e+00,0.000000000000000000e+00,0.000000000000000000e+00,0.000000000000000000e+00,0.000000000000000000e+00,0.000000000000000000e+00,9.007348219365758288e-03,8.883095313289731537e-03
9.925160276185012939e-03,0.000000000000000000e+00,0.000000000000000000e+00,2.378542819148838500e-02,0.000000000000000000e+00,0.000000000000000000e+00,0.000000000000000000e+00,2.189403226835605690e-02,0.000000000000000000e+00,0.000000000000000000e+00
0.000000000000000000e+00,0.000000000000000000e+00,0.000000000000000000e+00,0.000000000000000000e+00,0.000000000000000000e+00,0.000000000000000000e+00,0.000000000000000000e+00,0.000000000000000000e+00,1.089253541726338190e-02,0.000000000000000000e+00
0.000000000000000000e+00,0.000000000000000000e+00,2.839694855846922744e-02,0.000000000000000000e+00,0.000000000000000000e+00,2.298655509820092188e-02,0.000000000000000000e+00,0.000000000000000000e+00,2.925294344487859230e-02,3.301684114188289509e-04
0.000000000000000000e+00,0.000000000000000000e+00,2.596785400635924848e-02,0.000000000000000000e+00,0.000000000000000000e+00,0.000000000000000000e+00,0.000000000000000000e+00,0.000000000000000000e+00,2.992159929104176719e-03,4.394334899484853528e-03
0.000000000000000000e+00,1.809008133721952058e-02,0.000000000000000000e+00,0.000000000000000000e+00,0.000000000000000000e+00,2.852148092790587897e-02,2.160760369402413283e-02,0.000000000000000000e+00,0.000000000000000000e+00,2.593614437495013816e-02
0.000000000000000000e+00,5.626591339717934570e-03,1.769225837896312367e-02,0.000000000000000000e+00,0.000000000000000000e+00,1.374273021087074652e-03,0.000000000000000000e+00,0.000000000000000000e+00,1.193302321281576248e-02,0.000000000000000000e+00
0.000000000000000000e+00,0.000000000000000000e+00,0.000000000000000000e+00,0.000000000000000000e+00,6.018993499479660149e-03,0.000000000000000000e+00,0.000000000000000000e+00,0.000000000000000000e+00,0.000000000000000000e+00,0.000000000000000000e+00
0.000000000000000000e+00,0.000000000000000000e+00,1.301038857372132512e-02,0.000000000000000000e+00,0.000000000000000000e+00,0.000000000000000000e+00,0.000000000000000000e+00,1.654747917212559842e-03,0.000000000000000000e+00,0.000000000000000000e+00
1.019964915916606388e-02,0.000000000000000000e+00,4.970205247207984227e-03,0.000000000000000000e+00,0.000000000000000000e+00,1.674243999769492453e-02,0.000000000000000000e+00,0.000000000000000000e+00,0.000000000000000000e+00,0.000000000000000000e+00
0.000000000000000000e+00,4.440096032413460951e-03,0.000000000000000000e+00,0.000000000000000000e+00,2.840742601428012520e-02,0.000000000000000000e+00,2.724654307750171145e-02,0.000000000000000000e+00,0.000000000000000000e+00,0.000000000000000000e+00
0.000000000000000000e+00,0.000000000000000000e+00,8.889503940847384364e-03,1.004108061306267265e-02,0.000000000000000000e+00,1.882102756492252255e-02,2.239224882407492984e-02,1.471994016809290411e-03,0.000000000000000000e+00,0.000000000000000000e+00
0.000000000000000000e+00,0.000000000000000000e+00,0.000000000000000000e+00,2.308378693928695227e-02,1.093134150388005814e-02,0.000000000000000000e+00,0.000000000000000000e+00,0.000000000000000000e+00,0.000000000000000000e+00,0.000000000000000000e+00
0.000000000000000000e+00,0.000000000000000000e+00,1.566298298609012166e-02,7.852113169155922751e-03,9.174842386796130608e-03,0.000000000000000000e+00,0.000000000000000000e+00,1.784166396802861409e-03,0.000000000000000000e+00,0.000000000000000000e+00
9.052857968393007368e-03,2.791667201855849156e-02,5.521268226471771640e-04,0.000000000000000000e+00,0.000000000000000000e+00,8.251750224013355145e-03,0.000000000000000000e+00,5.118328877298309633e-03,1.855710850060201264e-03,0.000000000000000000e+00
0.000000000000000000e+00,0.000000000000000000e+00,0.000000000000000000e+00,0.000000000000000000e+00,0.000000000000000000e+00,0.000000000000000000e+00,0.000000000000000000e+00,0.000000000000000000e+00,0.000000000000000000e+00,0.000000000000000000e+00
1.660326134327535716e-02,0.000000000000000000e+00,0.000000000000000000e+00,0.000000000000000000e+00,1.432707345177114573e-02,5.748773168583351696e-03,1.394468689380220193e-02,0.000000000000000000e+00,0.000000000000000000e+00,0.000000000000000000e+00
0.000000000000000000e+00,3.733235444989549227e-03,1.562692196294362609e-02,9.683948056542860186e-03,2.865979180941472144e-03,0.000000000000000000e+00,0.000000000000000000e+00,0.000000000000000000e+00,4.823568823218089482e-03,0.000000000000000000e+00
0.000000000000000000e+00,5.781484714320376216e-03,0.000000000000000000e+00,2.257483325074970126e-02,1.670393182805359616e-02,2.934625051499711347e-03,2.555040556973728685e-02,0.000000000000000000e+00,9.509395713458108912e-03,0.000000000000000000e+00
9.670379050181759570e-03,0.000000000000000000e+00,1.869093468901199609e-02,0.000000000000000000e+00,1.486325289492445266e-02,0.000000000000000000e+00,1.343551819032202770e-02,2.483372819869077847e-02,0.000000000000000000e+00,0.000000000000000000e+00
2.130690337102793264e-02,0.000000000000000000e+00,0.000000000000000000e+00,0.000000000000000000e+00,0.000000000000000000e+00,7.357025568011875925e-03,0.000000000000000000e+00,2.067755314155332244e-02,0.000000000000000000e+00,1.192212853018341859e-02
0.000000000000000000e+00,0.000000000000000000e+00,0.000000000000000000e+00,0.000000000000000000e+00,0.000000000000000000e+00,0.000000000000000000e+00,0.000000000000000000e+00,0.000000000000000000e+00,0.000000000000000000e+00,1.807452907184525781e-02
0.000000000000000000e+00,0.000000000000000000e+00,1.754799879767162882e-02,0.000000000000000000e+00,0.000000000000000000e+00,1.514324981994304847e-02,0.000000000000000000e+00,0.000000000000000000e+00,0.000000000000000000e+00,7.072845132583397733e-03
0.000000000000000000e+00,6.630793616391650672e-03,1.173601390335803941e-02,1.698922271243295118e-02,0.000000000000000000e+00,0.000000000000000000e+00,5.124413787888893422e-03,0.000000000000000000e+00,7.780730919309504848e-03,0.000000000000000000e+00
2.418657450912323897e-02,8.762292744282565785e-03,1.571866525324211450e-02,0.000000000000000000e+00,0.000000000000000000e+00,0.000000000000000000e+00,0.000000000000000000e+00,0.000000000000000000e+00,0.000000000000000000e+00,3.001101710004990507e-03
0.000000000000000000e+00,0.000000000000000000e+00,0.000000000000000000e+00,0.000000000000000000e+00,1.404546087739175740e-03,1.969925681538562887e-02,0.000000000000000000e+00,0.000000000000000000e+00,0.000000000000000000e+00,7.951795606465994828e-03
0.000000000000000000e+00,0.000000000000000000e+00,0.000000000000000000e+00,1.361830067046884002e-02,2.059061986807011330e-02,8.212191129904084647e-04,1.765573525343702016e-02,0.000000000000000000e+00,0.000000000000000000e+00,2.160333465442908218e-02
0.000000000000000000e+00,0.000000000000000000e+00,0.000000000000000000e+00,0.000000000000000000e+00,0.000000000000000000e+00,2.501592377575673556e-02,0.000000000000000000e+00,3.018412719301397443e-02,0.000000000000000000e+00,3.824278163856364206e-03
0.000000000000000000e+00,1.132611700116281130e-02,0.000000000000000000e+00,4.788916721977927687e-04,0.000000000000000000e+00,1.719140308905103484e-02,0.000000000000000000e+00,2.843346063683083180e-02,1.456374454994035887e-02,0.000000000000000000e+00
0.000000000000000000e+00,1.761684433078742132e-02,0.000000000000000000e+00,0.000000000000000000e+00,0.000000000000000000e+00,0.000000000000000000e+00,1.152802558045866628e-02,1.911716560372581433e-02,0.000000000000000000e+00,0.000000000000000000e+00
0.000000000000000000e+00,4.530874332803202370e-03,0.000000000000000000e+00,0.000000000000000000e+00,2.742282241900700218e-02,0.000000000000000000e+00,9.988315889577509959e-03,0.000000000000000000e+00,0.000000000000000000e+00,0.000000000000000000e+00
0.000000000000000000e+00,2.670012753829896501e-02,0.000000000000000000e+00,0.000000000000000000e+00,0.000000000000000000e+00,0.000000000000000000e+00,2.970058987611655463e-03,0.000000000000000000e+00,0.000000000000000000e+00,2.843420600636336129e-02
2.795261253442144281e-02,3.282424327532722230e-03,2.388135599895973432e-02,1.336785321764554640e-02,0.000000000000000000e+00,3.281769471516887953e-03,1.843713373577263170e-02,0.000000000000000000e+00,0.000000000000000000e+00,0.000000000000000000e+00
0.000000000000000000e+00,0.000000000000000000e+00,2.103594049163793559e-03,0.000000000000000000e+00,0.000000000000000000e+00,0.000000000000000000e+00,0.000000000000000000e+00,0.000000000000000000e+00,0.000000000000000000e+00,0.000000000000000000e+00
0.000000000000000000e+00,0.000000000000000000e+00,0.000000000000000000e+00,0.000000000000000000e+00,2.824806152721465874e-02,0.000000000000000000e+00,2.084247891597193134e-02,0.000000000000000000e+00,0.000000000000000000e+00,2.882007789869269962e-02
0.000000000000000000e+00,0.000000000000000000e+00,0.000000000000000000e+00,2.660536765198694489e-02,1.021123158933961127e-02,1.934769848290638500e-02,0.000000000000000000e+00,0.000000000000000000e+00,0.000000000000000000e+00,2.499094472922589599e-02
1.913946246225056019e-02,0.000000000000000000e+00,0.000000000000000000e+00,1.121124042731257804e-03,1.808468704841326158e-02,0.000000000000000000e+00,2.627306839610482267e-02,0.000000000000000000e+00,0.000000000000000000e+00,0.000000000000000000e+00
0.000000000000000000e+00,0.000000000000000000e+00,0.000000000000000000e+00,0.000000000000000000e+00,1.831964545524459968e-03,0.000000000000000000e+00,0.000000000000000000e+00,0.000000000000000000e+00,0.000000000000000000e+00,0.000000000000000000e+00
0.000000000000000000e+00,0.000000000000000000e+00,3.443696238710950309e-03,1.460428202509900936e-02,2.348008673607873006e-05,0.000000000000000000e+00,0.000000000000000000e+00,0.000000000000000000e+00,0.000000000000000000e+00,0.000000000000000000e+00
0.000000000000000000e+00,1.837394518006420577e-02,1.693053501945999961e-02,2.337465312511103135e-02,0.000000000000000000e+00,7.503931728649194943e-03,0.000000000000000000e+00,2.577319084907673391e-02,0.000000000000000000e+00,0.000000000000000000e+00
0.000000000000000000e+00,2.463194056502679310e-04,3.398419518793083325e-03,0.000000000000000000e+00,1.379048920624503967e-02,8.986992472148588526e-03,0.000000000000000000e+00,0.000000000000000000e+00,1.448839249999632657e-02,5.962324114164346996e-03
1.329602443689562041e-02,0.000000000000000000e+00,1.779745673178961124e-02,1.750104477758060786e-02,0.000000000000000000e+00,0.000000000000000000e+00,0.000000000000000000e+00,0.000000000000000000e+00,2.154497818667766617e-04,0.000000000000000000e+00
0.000000000000000000e+00,0.000000000000000000e+00,1.311574587639362417e-02,0.000000000000000000e+00,0.000000000000000000e+00,0.000000000000000000e+00,0.000000000000000000e+00,0.000000000000000000e+00,0.000000000000000000e+00,0.000000000000000000e+00
1.716590667774542389e-02,0.000000000000000000e+00,2.015512132848732915e-02,0.000000000000000000e+00,0.000000000000000000e+00,5.851461694809892422e-03,0.000000000000000000e+00,2.218175899261073947e-02,0.000000000000000000e+00,0.000000000000000000e+00
1.012740719899635038e-02,0.000000000000000000e+00,0.000000000000000000e+00,0.000000000000000000e+00,0.000000000000000000e+00,3.040695301048173399e-02,2.290804716559978818e-02,0.000000000000000000e+00,0.000000000000000000e+00,0.000000000000000000e+00
0.000000000000000000e+00,0.000000000000000000e+00,0.000000000000000000e+00,0.000000000000000000e+00,5.922791898618024126e-04,0.000000000000000000e+00,0.000000000000000000e+00,0.000000000000000000e+00,0.000000000000000000e+00,0.000000000000000000e+00
1.663862397028405271e-02,0.000000000000000000e+00,0.000000000000000000e+00,0.000000000000000000e+00,1.933690252595918202e-02,0.000000000000000000e+00,0.000000000000000000e+00,1.156346182184879098e-02,0.000000000000000000e+00,0.000000000000000000e+00
0.000000000000000000e+00,0.000000000000000000e+00,0.000000000000000000e+00,2.772562124924666388e-02,5.854420626103403434e-03,0.000000000000000000e+00,8.731648819076270190e-03,0.000000000000000000e+00,1.630571229564725666e-02,0.000000000000000000e+00
0.000000000000000000e+00,2.542039128778540366e-02,0.000000000000000000e+00,0.000000000000000000e+00,0.000000000000000000e+00,0.000000000000000000e+00,2.353292721261699902e-02,0.000000000000000000e+00,1.874475264373168942e-02,0.000000000000000000e+00
0.000000000000000000e+00,0.000000000000000000e+00,0.000000000000000000e+00,0.000000000000000000e+00,0.000000000000000000e+00,0.000000000000000000e+00,1.514387441554798999e-02,1.620336334396081657e-02,1.068338082536993312e-02,1.635683031571109197e-02
0.000000000000000000e+00,0.000000000000000000e+00,0.000000000000000000e+00,0.000000000000000000e+00,1.169688277430200665e-02,0.000000000000000000e+00,1.298166187993508337e-02,0.000000000000000000e+00,0.000000000000000000e+00,3.111369100510531869e-03
0.000000000000000000e+00,0.000000000000000000e+00,2.548880518184504576e-02,0.000000000000000000e+00,0.000000000000000000e+00,4.968847015341461802e-03,2.327568921887882003e-02,0.000000000000000000e+00,0.000000000000000000e+00,0.000000000000000000e+00
1.719743772390282255e-02,0.000000000000000000e+00,0.000000000000000000e+00,0.000000000000000000e+00,0.000000000000000000e+00,0.000000000000000000e+00,0.000000000000000000e+00,0.000000000000000000e+00,1.905693758028537479e-02,0.000000000000000000e+00
0.000000000000000000e+00,1.940649007049699212e-02,0.000000000000000000e+00,0.000000000000000000e+00,2.599588659158986407e-03,0.000000000000000000e+00,1.591689513951056664e-02,0.000000000000000000e+00,1.642994698675820375e-02,0.000000000000000000e+00
0.000000000000000000e+00,5.880967812605279905e-03,2.372248389173451863e-02,0.000000000000000000e+00,0.000000000000000000e+00,0.000000000000000000e+00,1.881775136285816427e-02,0.000000000000000000e+00,2.334692558212433586e-02,0.000000000000000000e+00
2.649833252531754932e-02,0.000000000000000000e+00,0.000000000000000000e+00,2.307551632561024961e-03,0.000000000000000000e+00,2.525701588580156389e-05,0.000000000000000000e+00,9.144141773038095070e-03,0.000000000000000000e+00,0.000000000000000000e+00
0.000000000000000000e+00,1.301929545437296130e-02,0.000000000000000000e+00,3.240832432895932123e-03,1.722222950678019282e-02,0.000000000000000000e+00,0.000000000000000000e+00,1.606657116575342312e-02,3.087161043210450134e-03,0.000000000000000000e+00
0.000000000000000000e+00,0.000000000000000000e+00,0.000000000000000000e+00,3.013409622116071211e-03,0.000000000000000000e+00,2.598075087090478616e-02,2.165326267730343507e-02,0.000000000000000000e+00,2.213988819367470468e-02,0.000000000000000000e+00
0.000000000000000000e+00,2.246051508900397814e-02,0.000000000000000000e+00,0.000000000000000000e+00,2.441533225426994330e-02,1.359739674380338638e-02,2.693009995954583069e-02,0.000000000000000000e+00,1.490574970019006677e-03,0.000000000000000000e+00
0.000000000000000000e+00,1.862816149541363098e-02,1.979770677801987941e-02,0.000000000000000000e+00,0.000000000000000000e+00,0.000000000000000000e+00,0.000000000000000000e+00,0.000000000000000000e+00,0.000000000000000000e+00,0.000000000000000000e+00
0.000000000000000000e+00,0.000000000000000000e+00,2.857257411489692173e-02,0.000000000000000000e+00,0.000000000000000000e+00,5.642087617946840022e-03,0.000000000000000000e+00,1.271624331971661463e-02,0.000000000000000000e+00,0.000000000000000000e+00
0.000000000000000000e+00,0.000000000000000000e+00,0.000000000000000000e+00,0.000000000000000000e+00,0.000000000000000000e+00,4.753972231494043091e-03,6.971562715698705753e-03,0.000000000000000000e+00,2.988428609699422811e-02,2.232220687496764069e-02
1.583880167312402831e-02,0.000000000000000000e+00,0.000000000000000000e+00,3.281445376774582562e-02,0.000000000000000000e+00,0.000000000000000000e+00,6.232530540432936481e-04,0.000000000000000000e+00,0.000000000000000000e+00,1.126071092221340823e-02
0.000000000000000000e+00,7.786566108079606002e-03,0.000000000000000000e+00,2.375431983498281843e-02,0.000000000000000000e+00,6.569254720812208381e-04,0.000000000000000000e+00,0.000000000000000000e+00,0.000000000000000000e+00,0.000000000000000000e+00
0.000000000000000000e+00,1.213992892873973868e-03,5.231313073790762151e-03,2.399004187817638245e-02,2.046142354228656262e-05,0.000000000000000000e+00,0.000000000000000000e+00,0.000000000000000000e+00,0.000000000000000000e+00,1.337262000181438284e-03
1.537233314187107756e-02,2.700737066432194397e-02,0.000000000000000000e+00,2.807731198157838517e-02,0.000000000000000000e+00,2.591852858199297782e-02,0.000000000000000000e+00,0.000000000000000000e+00,0.000000000000000000e+00,0.000000000000000000e+00
6.641097550203959102e-03,0.000000000000000000e+00,0.000000000000000000e+00,0.000000000000000000e+00,0.000000000000000000e+00,0.000000000000000000e+00,0.000000000000000000e+00,1.406580402488695654e-02,0.000000000000000000e+00,1.703155725047542784e-02
0.000000000000000000e+00,0.000000000000000000e+00,0.000000000000000000e+00,1.588512892773582402e-02,0.000000000000000000e+00,0.000000000000000000e+00,0.000000000000000000e+00,1.791148088933550153e-02,0.000000000000000000e+00,0.000000000000000000e+00
2.412703667834376065e-02,0.000000000000000000e+00,0.000000000000000000e+00,0.000000000000000000e+00,0.000000000000000000e+00,0.000000000000000000e+00,0.000000000000000000e+00,0.000000000000000000e+00,6.902612351257574703e-04,0.000000000000000000e+00
0.000000000000000000e+00,0.000000000000000000e+00,8.831016979898383482e-03,0.000000000000000000e+00,0.000000000000000000e+00,0.000000000000000000e+00,2.693957470806472923e-02,2.757171605546030260e-02,0.000000000000000000e+00,7.206857828534775183e-03
3.567410225696100289e-03,2.040194812860017873e-02,0.000000000000000000e+00,0.000000000000000000e+00,0.000000000000000000e+00,1.286955034573015674e-02,2.940300394639805762e-02,0.000000000000000000e+00,0.000000000000000000e+00,0.000000000000000000e+00
0.000000000000000000e+00,2.297215166379979259e-02,9.564034459769223681e-04,0.000000000000000000e+00,0.000000000000000000e+00,0.000000000000000000e+00,0.000000000000000000e+00,7.235849905775124102e-03,1.491171297130804022e-03,0.000000000000000000e+00
0.000000000000000000e+00,0.000000000000000000e+00,0.000000000000000000e+00,2.468244335438018675e-02,0.000000000000000000e+00,0.000000000000000000e+00,0.000000000000000000e+00,0.000000000000000000e+00,1.885745075105473012e-02,0.000000000000000000e+00
0.000000000000000000e+00,8.064121762148164507e-03,0.000000000000000000e+00,1.196156798604400620e-02,0.000000000000000000e+00,0.000000000000000000e+00,0.000000000000000000e+00,0.000000000000000000e+00,0.000000000000000000e+00,0.000000000000000000e+00
0.000000000000000000e+00,2.159222429389636919e-02,1.465529658558234125e-02,0.000000000000000000e+00,2.171199719271059772e-02,0.000000000000000000e+00,0.000000000000000000e+00,0.000000000000000000e+00,0.000000000000000000e+00,0.000000000000000000e+00
2.750005309033526010e-02,0.000000000000000000e+00,0.000000000000000000e+00,6.296091605497998282e-03,0.000000000000000000e+00,5.035377510048530056e-03,1.962140796313779564e-02,9.812865739964661202e-03,2.491413985953740140e-02,0.000000000000000000e+00
1.676385557043769906e-03,0.000000000000000000e+00,0.000000000000000000e+00,0.000000000000000000e+00,0.000000000000000000e+00,0.000000000000000000e+00,1.361919576431446649e-02,2.523127798259344051e-02,1.887189518859900758e-02,0.000000000000000000e+00
0.000000000000000000e+00,5.490023626485178096e-03,6.105415021749590297e-03,0.000000000000000000e+00,0.000000000000000000e+00,0.000000000000000000e+00,0.000000000000000000e+00,0.000000000000000000e+00,0.000000000000000000e+00,0.000000000000000000e+00
2.804529224394981118e-02,0.000000000000000000e+00,0.000000000000000000e+00,0.000000000000000000e+00,8.206946482370884241e-03,0.000000000000000000e+00,0.000000000000000000e+00,0.000000000000000000e+00,4.179416807456441153e-03,0.000000000000000000e+00
0.000000000000000000e+00,1.565748422089407316e-02,0.000000000000000000e+00,0.000000000000000000e+00,0.000000000000000000e+00,1.549061410907121277e-03,0.000000000000000000e+00,2.308110101770794852e-03,2.823981567795174827e-02,2.630010917229583592e-02
0.000000000000000000e+00,0.000000000000000000e+00,1.096574144953188328e-02,0.000000000000000000e+00,1.475272772437162538e-02,0.000000000000000000e+00,0.000000000000000000e+00,0.000000000000000000e+00,2.541921526993524277e-02,0.000000000000000000e+00
0.000000000000000000e+00,0.000000000000000000e+00,0.000000000000000000e+00,2.352221802166191977e-02,0.000000000000000000e+00,1.884052239215703445e-02,0.000000000000000000e+00,0.000000000000000000e+00,0.000000000000000000e+00,0.000000000000000000e+00
0.000000000000000000e+00,2.385386437985480973e-03,0.000000000000000000e+00,0.000000000000000000e+00,0.000000000000000000e+00,1.435834358416371997e-02,2.852990652169047278e-02,1.926767017999338151e-03,0.000000000000000000e+00,0.000000000000000000e+00
0.000000000000000000e+00,1.475906216698067396e-02,0.000000000000000000e+00,0.000000000000000000e+00,0.000000000000000000e+00,0.000000000000000000e+00,0.000000000000000000e+00,0.000000000000000000e+00,7.281458577335097465e-03,8.639770782347190245e-03
0.000000000000000000e+00,0.000000000000000000e+00,0.000000000000000000e+00,0.000000000000000000e+00,0.000000000000000000e+00,0.000000000000000000e+00,0.000000000000000000e+00,0.000000000000000000e+00,0.000000000000000000e+00,0.000000000000000000e+00
0.000000000000000000e+00,0.000000000000000000e+00,0.000000000000000000e+00,0.000000000000000000e+00,0.000000000000000000e+00,0.000000000000000000e+00,2.585058082635401794e-02,0.000000000000000000e+00,0.000000000000000000e+00,0.000000000000000000e+00
1.238773439629490929e-02,0.000000000000000000e+00,1.582421194487663649e-02,0.000000000000000000e+00,0.000000000000000000e+00,0.000000000000000000e+00,0.000000000000000000e+00,0.000000000000000000e+00,0.000000000000000000e+00,2.258076172231929246e-02
0.000000000000000000e+00,0.000000000000000000e+00,0.000000000000000000e+00,0.000000000000000000e+00,1.508894427837869680e-02,0.000000000000000000e+00,0.000000000000000000e+00,0.000000000000000000e+00,0.000000000000000000e+00,2.250298282573076972e-02
0.000000000000000000e+00,0.000000000000000000e+00,0.000000000000000000e+00,2.578402181059731221e-02,0.000000000000000000e+00,0.000000000000000000e+00,1.690953761379471870e-02,0.000000000000000000e+00,0.000000000000000000e+00,4.836417082530386144e-03
1.581748568518177639e-03,0.000000000000000000e+00,1.375307184268081788e-02,0.000000000000000000e+00,1.932325740578604706e-02,0.000000000000000000e+00,0.000000000000000000e+00,0.000000000000000000e+00,1.188303894801815731e-02,0.000000000000000000e+00
1.534357390823356225e-02,0.000000000000000000e+00,7.178055659902808638e-03,0.000000000000000000e+00,2.590353280589277260e-02,0.000000000000000000e+00,0.000000000000000000e+00,8.303265847298266916e-03,0.000000000000000000e+00,0.000000000000000000e+00
0.000000000000000000e+00,0.000000000000000000e+00,0.000000000000000000e+00,1.326621332271531520e-02,1.065700486095162366e-02,1.532577545201299282e-02,0.000000000000000000e+00,0.000000000000000000e+00,0.000000000000000000e+00,0.000000000000000000e+00
0.000000000000000000e+00,2.811634302146911318e-02,0.000000000000000000e+00,5.185942957519439414e-03,3.696324144807734344e-03,0.000000000000000000e+00,2.408946668967810317e-03,0.000000000000000000e+00,0.000000000000000000e+00,0.000000000000000000e+00
0.000000000000000000e+00,0.000000000000000000e+00,1.223182645187612062e-03,0.000000000000000000e+00,2.682156983751894999e-02,0.000000000000000000e+00,4.608190997403080989e-03,0.000000000000000000e+00,0.000000000000000000e+00,0.000000000000000000e+00
5.078884415190174431e-03,0.000000000000000000e+00,0.000000000000000000e+00,0.000000000000000000e+00,1.466925486772608853e-02,1.405370348041163134e-02,5.099942128459831851e-03,0.000000000000000000e+00,0.000000000000000000e+00,0.000000000000000000e+00
2.253418255092485070e-02,2.718242849675466324e-02,7.520583306655880332e-03,0.000000000000000000e+00,0.000000000000000000e+00,4.320379961549687155e-03,0.000000000000000000e+00,0.000000000000000000e+00,1.487447678140757339e-02,0.000000000000000000e+00
1.731074897325261125e-02,8.147994354616780802e-03,1.770998386125246724e-02,0.000000000000000000e+00,0.000000000000000000e+00,0.000000000000000000e+00,0.000000000000000000e+00,0.000000000000000000e+00,2.113331531394232674e-02,1.213713041813093037e-02
5.146182381030827129e-04,0.000000000000000000e+00,1.389109834495441155e-02,2.334199455336535833e-02,0.000000000000000000e+00,0.000000000000000000e+00,1.924959318815540679e-02,0.000000000000000000e+00,9.319857249991675766e-03,0.000000000000000000e+00
3.401216526499251797e-02,0.000000000000000000e+00,0.000000000000000000e+00,0.000000000000000000e+00,0.000000000000000000e+00,0.000000000000000000e+00,0.000000000000000000e+00,0.000000000000000000e+00,1.257383087131081281e-02,0.000000000000000000e+00
0.000000000000000000e+00,0.000000000000000000e+00,0.000000000000000000e+00,0.000000000000000000e+00,0.000000000000000000e+00,1.860039602534627884e-02,0.000000000000000000e+00,0.000000000000000000e+00,0.000000000000000000e+00,0.000000000000000000e+00
0.000000000000000000e+00,0.000000000000000000e+00,0.000000000000000000e+00,0.000000000000000000e+00,0.000000000000000000e+00,2.711371675459157971e-02,0.000000000000000000e+00,2.958052580868582651e-02,0.000000000000000000e+00,2.196410600102995797e-02
4.561270913510420168e-03,0.000000000000000000e+00,0.000000000000000000e+00,8.479430904530793622e-03,0.000000000000000000e+00,0.000000000000000000e+00,0.000000000000000000e+00,2.436708628630537832e-02,0.000000000000000000e+00,7.986140909276887370e-03
1.235132138034599446e-02,0.000000000000000000e+00,0.000000000000000000e+00,0.000000000000000000e+00,0.000000000000000000e+00,0.000000000000000000e+00,3.817509877106593265e-03,0.000000000000000000e+00,0.000000000000000000e+00,0.000000000000000000e+00
0.000000000000000000e+00,0.000000000000000000e+00,0.000000000000000000e+00,8.531980881031478448e-03,0.000000000000000000e+00,6.691003279656288633e-03,0.000000000000000000e+00,0.000000000000000000e+00,0.000000000000000000e+00,1.867414828525701398e-02
0.000000000000000000e+00,0.000000000000000000e+00,0.000000000000000000e+00,2.367261527993259895e-02,0.000000000000000000e+00,0.000000000000000000e+00,0.000000000000000000e+00,0.000000000000000000e+00,0.000000000000000000e+00,0.000000000000000000e+00
0.000000000000000000e+00,0.000000000000000000e+00,0.000000000000000000e+00,0.000000000000000000e+00,0.000000000000000000e+00,2.901070840298421508e-02,0.000000000000000000e+00,2.851322917978232896e-02,0.000000000000000000e+00,0.000000000000000000e+00
0.000000000000000000e+00,0.000000000000000000e+00,1.717551719225682630e-02,2.417002154416209719e-02,0.000000000000000000e+00,1.676168410479921683e-02,0.000000000000000000e+00,0.000000000000000000e+00,0.000000000000000000e+00,2.642384927218728932e-02
0.000000000000000000e+00,2.835199502646413086e-02,2.055698515818829564e-02,0.000000000000000000e+00,0.000000000000000000e+00,0.000000000000000000e+00,0.000000000000000000e+00,0.000000000000000000e+00,2.700737751594119770e-03,7.755827531281186439e-03
0.000000000000000000e+00,2.605647577240709223e-02,1.495420014542789104e-02,1.458501181286584597e-02,0.000000000000000000e+00,0.000000000000000000e+00,1.351820519991830949e-02,0.000000000000000000e+00,0.000000000000000000e+00,9.057505145645973130e-03
0.000000000000000000e+00,1.523214218046598650e-02,5.483316410356036709e-03,1.196000031077703099e-02,0.000000000000000000e+00,0.000000000000000000e+00,1.322357376050706246e-02,2.079959990996509481e-02,0.000000000000000000e+00,0.000000000000000000e+00
0.000000000000000000e+00,0.000000000000000000e+00,7.468729035663090009e-03,0.000000000000000000e+00,2.696574149753985881e-03,1.546325169714832769e-03,2.383933010940823827e-02,0.000000000000000000e+00,0.000000000000000000e+00,1.954947119766446001e-02
0.000000000000000000e+00,2.229844634032290829e-02,0.000000000000000000e+00,0.000000000000000000e+00,0.000000000000000000e+00,0.000000000000000000e+00,9.291560477857821595e-04,1.458248269691929562e-02,0.000000000000000000e+00,0.000000000000000000e+00
0.000000000000000000e+00,0.000000000000000000e+00,0.000000000000000000e+00,0.000000000000000000e+00,0.000000000000000000e+00,0.000000000000000000e+00,2.921130027901798834e-02,1.287399819296877398e-02,0.000000000000000000e+00,0.000000000000000000e+00
0.000000000000000000e+00,0.000000000000000000e+00,1.926066959254827890e-02,0.000000000000000000e+00,0.000000000000000000e+00,0.000000000000000000e+00,2.171430209232863562e-02,9.105353403554662184e-04,0.000000000000000000e+00,0.000000000000000000e+00
2.440536154287379494e-02,0.000000000000000000e+00,5.860346154874468069e-03,0.000000000000000000e+00,0.000000000000000000e+00,0.000000000000000000e+00,7.144671677257396873e-03,2.330680690729595300e-02,2.661206029291940736e-02,2.013783555516369256e-02
0.000000000000000000e+00,0.000000000000000000e+00,0.000000000000000000e+00,0.000000000000000000e+00,2.621156124562748144e-02,0.000000000000000000e+00,2.293469919496396794e-02,5.117778223361713150e-04,0.000000000000000000e+00,0.000000000000000000e+00
1.785754144591946563e-02,0.000000000000000000e+00,0.000000000000000000e+00,0.000000000000000000e+00,0.000000000000000000e+00,0.000000000000000000e+00,0.000000000000000000e+00,7.157471156485726606e-03,1.187440066882150362e-02,0.000000000000000000e+00
0.000000000000000000e+00,0.000000000000000000e+00,0.000000000000000000e+00,0.000000000000000000e+00,0.000000000000000000e+00,0.000000000000000000e+00,0.000000000000000000e+00,8.918788560149729094e-03,1.751638007396633459e-02,0.000000000000000000e+00
0.000000000000000000e+00,0.000000000000000000e+00,0.000000000000000000e+00,1.419723624027458518e-02,0.000000000000000000e+00,2.971872901702518610e-02,0.000000000000000000e+00,0.000000000000000000e+00,0.000000000000000000e+00,0.000000000000000000e+00
0.000000000000000000e+00,2.772453116922726779e-02,0.000000000000000000e+00,4.807517433607830931e-03,1.122910111377381503e-02,0.000000000000000000e+00,0.000000000000000000e+00,0.000000000000000000e+00,1.781817431024977855e-03,0.000000000000000000e+00
0.000000000000000000e+00,1.375805802085269293e-02,2.647237983261574445e-02,0.000000000000000000e+00,0.000000000000000000e+00,0.000000000000000000e+00,0.000000000000000000e+00,4.238407667381398000e-03,0.000000000000000000e+00,0.000000000000000000e+00
2.138793986747030210e-02,2.200085338470297858e-02,0.000000000000000000e+00,0.000000000000000000e+00,0.000000000000000000e+00,1.342834222832744485e-02,0.000000000000000000e+00,7.906815877907437048e-03,0.000000000000000000e+00,0.000000000000000000e+00
2.100633980757033586e-02,0.000000000000000000e+00,0.000000000000000000e+00,0.000000000000000000e+00,2.514221389728174202e-02,0.000000000000000000e+00,3.219365699869603751e-03,0.000000000000000000e+00,0.000000000000000000e+00,2.384259832608747950e-02
2.672665865585534088e-03,2.717990914401526362e-02,0.000000000000000000e+00,0.000000000000000000e+00,0.000000000000000000e+00,0.000000000000000000e+00,0.000000000000000000e+00,0.000000000000000000e+00,0.000000000000000000e+00,0.000000000000000000e+00
0.000000000000000000e+00,8.484994086371126440e-03,0.000000000000000000e+00,0.000000000000000000e+00,0.000000000000000000e+00,2.567156068624459192e-02,0.000000000000000000e+00,0.000000000000000000e+00,0.000000000000000000e+00,0.000000000000000000e+00
0.000000000000000000e+00,1.710610380344764272e-02,0.000000000000000000e+00,0.000000000000000000e+00,2.480159308493901094e-02,1.668378388900380871e-02,0.000000000000000000e+00,0.000000000000000000e+00,0.000000000000000000e+00,5.256211548180951369e-03
1.034925164150749595e-04,0.000000000000000000e+00,0.000000000000000000e+00,0.000000000000000000e+00,0.000000000000000000e+00,1.741759910457633259e-02,0.000000000000000000e+00,0.000000000000000000e+00,0.000000000000000000e+00,2.504834913172367117e-02
0.000000000000000000e+00,0.000000000000000000e+00,0.000000000000000000e+00,2.449697009098450104e-02,0.000000000000000000e+00,2.916532936766676187e-02,0.000000000000000000e+00,6.245249749690579173e-03,0.000000000000000000e+00,0.000000000000000000e+00
0.000000000000000000e+00,0.000000000000000000e+00,2.212753109996029935e-02,0.000000000000000000e+00,0.000000000000000000e+00,1.642208209056864737e-02,0.000000000000000000e+00,0.000000000000000000e+00,3.062949071611719906e-02,0.000000000000000000e+00
2.729642693987233484e-02,0.000000000000000000e+00,0.000000000000000000e+00,0.000000000000000000e+00,0.000000000000000000e+00,0.000000000000000000e+00,0.000000000000000000e+00,0.000000000000000000e+00,0.000000000000000000e+00,0.000000000000000000e+00
1.109878797780448727e-02,0.000000000000000000e+00,0.000000000000000000e+00,0.000000000000000000e+00,0.000000000000000000e+00,2.497983087151088490e-03,0.000000000000000000e+00,0.000000000000000000e+00,0.000000000000000000e+00,1.596513156913309094e-03
0.000000000000000000e+00,2.929480426254560052e-02,0.000000000000000000e+00,0.000000000000000000e+00,0.000000000000000000e+00,0.000000000000000000e+00,0.000000000000000000e+00,0.000000000000000000e+00,0.000000000000000000e+00,0.000000000000000000e+00
1.168743187457776597e-02,0.000000000000000000e+00,0.000000000000000000e+00,0.000000000000000000e+00,0.000000000000000000e+00,0.000000000000000000e+00,8.799141338262194204e-03,0.000000000000000000e+00,2.199586529184830233e-02,0.000000000000000000e+00
5.988681186570824367e-04,0.000000000000000000e+00,0.000000000000000000e+00,0.000000000000000000e+00,0.000000000000000000e+00,0.000000000000000000e+00,2.570989048459671258e-02,0.000000000000000000e+00,0.000000000000000000e+00,0.000000000000000000e+00
0.000000000000000000e+00,0.000000000000000000e+00,2.761129715526479747e-02,2.102414769274506962e-02,0.000000000000000000e+00,0.000000000000000000e+00,0.000000000000000000e+00,0.000000000000000000e+00,0.000000000000000000e+00,0.000000000000000000e+00
3.000648130398742355e-02,0.000000000000000000e+00,0.000000000000000000e+00,5.294369393555289210e-03,0.000000000000000000e+00,0.000000000000000000e+00,0.000000000000000000e+00,0.000000000000000000e+00,0.000000000000000000e+00,0.000000000000000000e+00
0.000000000000000000e+00,1.168224696639070560e-02,0.000000000000000000e+00,8.771659235943937358e-03,0.000000000000000000e+00,0.000000000000000000e+00,0.000000000000000000e+00,6.629895814200976838e-03,0.000000000000000000e+00,2.245572225375912570e-02
0.000000000000000000e+00,0.000000000000000000e+00,0.000000000000000000e+00,0.000000000000000000e+00,6.266357324905993779e-03,0.000000000000000000e+00,0.000000000000000000e+00,2.019978760306138238e-02,1.261605645773945100e-02,0.000000000000000000e+00
8.306544694869712891e-03,6.613119214402873695e-03,0.000000000000000000e+00,0.000000000000000000e+00,0.000000000000000000e+00,0.000000000000000000e+00,0.000000000000000000e+00,0.000000000000000000e+00,2.581364058402374484e-02,0.000000000000000000e+00
0.000000000000000000e+00,0.000000000000000000e+00,0.000000000000000000e+00,5.283571779930822110e-04,0.000000000000000000e+00,0.000000000000000000e+00,7.504502633802468542e-03,1.261563772109012844e-03,0.000000000000000000e+00,0.000000000000000000e+00
0.000000000000000000e+00,0.000000000000000000e+00,0.000000000000000000e+00,0.000000000000000000e+00,2.859624447400455766e-02,0.000000000000000000e+00,0.000000000000000000e+00,0.000000000000000000e+00,5.978088674153635151e-03,1.061330145933015107e-03
0.000000000000000000e+00,0.000000000000000000e+00,1.297585488096649788e-02,3.322030969809698382e-03,0.000000000000000000e+00,0.000000000000000000e+00,1.509708670451370000e-02,0.000000000000000000e+00,0.000000000000000000e+00,0.000000000000000000e+00
0.000000000000000000e+00,2.839365090275701442e-02,0.000000000000000000e+00,0.000000000000000000e+00,0.000000000000000000e+00,2.644999006959140170e-02,0.000000000000000000e+00,0.000000000000000000e+00,1.555969718098456668e-02,0.000000000000000000e+00
0.000000000000000000e+00,0.000000000000000000e+00,0.000000000000000000e+00,0.000000000000000000e+00,2.427210147376416063e-02,0.000000000000000000e+00,1.143039849537805979e-04,0.000000000000000000e+00,0.000000000000000000e+00,0.000000000000000000e+00
0.000000000000000000e+00,0.000000000000000000e+00,0.000000000000000000e+00,2.622378712367059300e-02,0.000000000000000000e+00,2.981956522839298782e-02,0.000000000000000000e+00,0.000000000000000000e+00,0.000000000000000000e+00,0.000000000000000000e+00
2.012384945394392680e-02,9.247789105901012968e-03,2.320770897390982829e-02,0.000000000000000000e+00,1.941593877974645208e-02,5.743157858056632294e-03,0.000000000000000000e+00,0.000000000000000000e+00,0.000000000000000000e+00,0.000000000000000000e+00
3.057932784482225025e-02,0.000000000000000000e+00,1.422808922918070845e-02,0.000000000000000000e+00,0.000000000000000000e+00,0.000000000000000000e+00,1.918322368526930236e-02,0.000000000000000000e+00,1.544706787844617006e-02,6.488552746788830289e-03
0.000000000000000000e+00,0.000000000000000000e+00,0.000000000000000000e+00,1.081915139477023120e-02,2.879595006083778344e-02,1.299869903758842224e-03,0.000000000000000000e+00,1.213044840445251515e-02,0.000000000000000000e+00,0.000000000000000000e+00
0.000000000000000000e+00,0.000000000000000000e+00,0.000000000000000000e+00,8.465209990832249162e-03,2.417155848359804973e-02,0.000000000000000000e+00,0.000000000000000000e+00,1.906612442014522443e-02,1.708838896013031503e-02,0.000000000000000000e+00
0.000000000000000000e+00,3.731672068101575708e-03,1.475363289044714530e-03,0.000000000000000000e+00,0.000000000000000000e+00,0.000000000000000000e+00,0.000000000000000000e+00,3.013993593257295600e-02,0.000000000000000000e+00,1.502638272961270838e-02
0.000000000000000000e+00,0.000000000000000000e+00,0.000000000000000000e+00,1.240250733508691319e-02,0.000000000000000000e+00,0.000000000000000000e+00,2.855939376748172290e-02,2.288619929892518005e-03,0.000000000000000000e+00,1.118230683471077569e-02
2.545000618845980056e-03,0.000000000000000000e+00,0.000000000000000000e+00,0.000000000000000000e+00,1.734362761811631543e-02,0.000000000000000000e+00,2.756110041487164902e-02,0.000000000000000000e+00,4.201631394210471500e-03,0.000000000000000000e+00
0.000000000000000000e+00,0.000000000000000000e+00,2.232007032736526425e-02,1.747171072800362407e-02,0.000000000000000000e+00,0.000000000000000000e+00,2.215554721534496868e-02,0.000000000000000000e+00,0.000000000000000000e+00,9.866502143938781985e-03
2.132009701077556066e-02,0.000000000000000000e+00,0.000000000000000000e+00,0.000000000000000000e+00,0.000000000000000000e+00,2.207445204017826484e-02,0.000000000000000000e+00,0.000000000000000000e+00,1.045182604320877943e-02,0.000000000000000000e+00
2.624541963793523489e-02,2.404334626228669600e-02,0.000000000000000000e+00,8.630865311634056819e-03,0.000000000000000000e+00,0.000000000000000000e+00,6.028520217520534456e-03,1.089639130051886333e-02,6.763753868745617931e-04,1.406634019888591651e-02
1.448348617449114056e-02,2.435137191314442132e-02,0.000000000000000000e+00,0.000000000000000000e+00,0.000000000000000000e+00,0.000000000000000000e+00,0.000000000000000000e+00,0.000000000000000000e+00,2.281741527701807923e-02,0.000000000000000000e+00
1.113402463362046096e-02,0.000000000000000000e+00,2.158620728483011744e-02,2.787482010652084230e-02,0.000000000000000000e+00,5.558457037729306813e-03,0.000000000000000000e+00,2.379008863731296372e-02,0.000000000000000000e+00,0.000000000000000000e+00
0.000000000000000000e+00,0.000000000000000000e+00,0.000000000000000000e+00,0.000000000000000000e+00,1.789658181065253983e-02,2.307168114120727170e-02,0.000000000000000000e+00,2.304092159292603012e-02,2.773702785908848875e-02,0.000000000000000000e+00
0.000000000000000000e+00,1.003978566829826120e-03,0.000000000000000000e+00,0.000000000000000000e+00,0.000000000000000000e+00,0.000000000000000000e+00,2.203137333142492910e-02,0.000000000000000000e+00,0.000000000000000000e+00,0.000000000000000000e+00
0.000000000000000000e+00,0.000000000000000000e+00,0.000000000000000000e+00,2.360226667118908717e-02,2.314702414475867595e-02,0.000000000000000000e+00,1.234098773970828712e-02,0.000000000000000000e+00,0.000000000000000000e+00,2.631968361345398549e-02
0.000000000000000000e+00,0.000000000000000000e+00,1.664436051041576908e-02,0.000000000000000000e+00,2.121487082836807231e-02,9.864630452963416007e-03,1.746396284023816071e-03,1.875482957089006503e-02,0.000000000000000000e+00,0.000000000000000000e+00
1.107269610546709332e-02,2.482281141562337271e-02,2.879672015854783940e-02,0.000000000000000000e+00,3.959591851041051151e-03,5.660031859187026476e-03,0.000000000000000000e+00,0.000000000000000000e+00,4.181788882389812778e-03,0.000000000000000000e+00
0.000000000000000000e+00,0.000000000000000000e+00,3.100885874289690397e-02,0.000000000000000000e+00,0.000000000000000000e+00,0.000000000000000000e+00,0.000000000000000000e+00,0.000000000000000000e+00,0.000000000000000000e+00,0.000000000000000000e+00
0.000000000000000000e+00,0.000000000000000000e+00,0.000000000000000000e+00,0.000000000000000000e+00,0.000000000000000000e+00,1.762461633242866713e-02,0.000000000000000000e+00,0.000000000000000000e+00,0.000000000000000000e+00,2.525055407331642729e-02
0.000000000000000000e+00,2.374134147784365614e-02,0.000000000000000000e+00,0.000000000000000000e+00,0.000000000000000000e+00,0.000000000000000000e+00,0.000000000000000000e+00,2.541105110938281231e-02,0.000000000000000000e+00,7.236660925636102283e-03
2.006859861521069054e-03,0.000000000000000000e+00,0.000000000000000000e+00,0.000000000000000000e+00,2.293119087409497062e-02,0.000000000000000000e+00,0.000000000000000000e+00,0.000000000000000000e+00,2.415636032950477935e-02,0.000000000000000000e+00
0.000000000000000000e+00,0.000000000000000000e+00,0.000000000000000000e+00,0.000000000000000000e+00,0.000000000000000000e+00,0.000000000000000000e+00,7.190417033869892297e-03,0.000000000000000000e+00,3.243253902609635015e-04,0.000000000000000000e+00
0.000000000000000000e+00,0.000000000000000000e+00,2.419869168431097728e-02,1.479057290253760204e-02,0.000000000000000000e+00,0.000000000000000000e+00,2.149912060143411435e-03,0.000000000000000000e+00,2.504791178791389164e-04,0.000000000000000000e+00
0.000000000000000000e+00,0.000000000000000000e+00,0.000000000000000000e+00,0.000000000000000000e+00,0.000000000000000000e+00,0.000000000000000000e+00,0.000000000000000000e+00,1.963592076170774664e-02,0.000000000000000000e+00,0.000000000000000000e+00
0.000000000000000000e+00,0.000000000000000000e+00,1.256511007776021233e-02,1.296948132881578682e-02,1.638115472864652700e-02,0.000000000000000000e+00,1.858335348781442811e-02,0.000000000000000000e+00,5.391919675739607941e-04,0.000000000000000000e+00
0.000000000000000000e+00,8.593707094066923430e-03,2.110514718814776591e-02,0.000000000000000000e+00,0.000000000000000000e+00,0.000000000000000000e+00,0.000000000000000000e+00,0.000000000000000000e+00,3.351483771032188769e-03,0.000000000000000000e+00
2.298188977226504892e-02,1.996098296038048905e-02,0.000000000000000000e+00,0.000000000000000000e+00,0.000000000000000000e+00,0.000000000000000000e+00,1.485125161357093819e-02,1.075961261239524909e-02,0.000000000000000000e+00,1.006369500721890006e-02
0.000000000000000000e+00,0.000000000000000000e+00,1.295018318795111006e-02,0.000000000000000000e+00,0.000000000000000000e+00,2.782844635754849749e-02,0.000000000000000000e+00,0.000000000000000000e+00,0.000000000000000000e+00,2.171315571682681800e-02
0.000000000000000000e+00,0.000000000000000000e+00,1.083758072100717874e-02,2.069797191499228237e-02,1.292489098591365591e-02,0.000000000000000000e+00,0.000000000000000000e+00,0.000000000000000000e+00,0.000000000000000000e+00,0.000000000000000000e+00
0.000000000000000000e+00,0.000000000000000000e+00,1.330075144139341269e-02,2.864036395992593589e-02,0.000000000000000000e+00,0.000000000000000000e+00,0.000000000000000000e+00,0.000000000000000000e+00,0.000000000000000000e+00,2.009834011130009687e-02
0.000000000000000000e+00,0.000000000000000000e+00,1.234926636839082416e-02,0.000000000000000000e+00,0.000000000000000000e+00,0.000000000000000000e+00,0.000000000000000000e+00,2.990774649154439788e-02,0.000000000000000000e+00,0.000000000000000000e+00
0.000000000000000000e+00,9.082962696441241462e-03,0.000000000000000000e+00,0.000000000000000000e+00,0.000000000000000000e+00,0.000000000000000000e+00,4.262716698079183596e-03,0.000000000000000000e+00,0.000000000000000000e+00,0.000000000000000000e+00
0.000000000000000000e+00,0.000000000000000000e+00,1.263266493020563132e-02,1.414256985403107049e-02,1.997348448173903376e-02,2.706510120144379680e-02,0.000000000000000000e+00,9.677408770170372113e-03,0.000000000000000000e+00,0.000000000000000000e+00
2.541763577727385189e-04,6.179632881760563877e-03,2.454052899413539449e-02,0.000000000000000000e+00,0.000000000000000000e+00,0.000000000000000000e+00,0.000000000000000000e+00,1.795835201653685903e-02,1.041983475484136411e-02,1.027457080667272711e-02
0.000000000000000000e+00,0.000000000000000000e+00,0.000000000000000000e+00,0.000000000000000000e+00,1.473432793937706374e-03,0.000000000000000000e+00,0.000000000000000000e+00,2.073572495969956686e-02,0.000000000000000000e+00,1.168857730920392322e-02
0.000000000000000000e+00,0.000000000000000000e+00,8.511722596930816837e-04,8.591909054589282318e-04,0.000000000000000000e+00,0.000000000000000000e+00,0.000000000000000000e+00,0.000000000000000000e+00,0.000000000000000000e+00,3.040851146206699149e-02
0.000000000000000000e+00,0.000000000000000000e+00,9.076439298089686997e-03,0.000000000000000000e+00,2.264153882047609256e-02,0.000000000000000000e+00,0.000000000000000000e+00,0.000000000000000000e+00,0.000000000000000000e+00,1.584714114983844235e-02
0.000000000000000000e+00,0.000000000000000000e+00,0.000000000000000000e+00,0.000000000000000000e+00,0.000000000000000000e+00,0.000000000000000000e+00,3.379450039054091720e-02,0.000000000000000000e+00,0.000000000000000000e+00,0.000000000000000000e+00
0.000000000000000000e+00,0.000000000000000000e+00,1.334748527356644822e-02,0.000000000000000000e+00,0.000000000000000000e+00,0.000000000000000000e+00,2.598525478551433690e-02,0.000000000000000000e+00,0.000000000000000000e+00,0.000000000000000000e+00
0.000000000000000000e+00,2.819042664922590327e-02,9.719570107330034042e-03,0.000000000000000000e+00,1.695629540868450608e-02,1.872679574494749699e-02,0.000000000000000000e+00,0.000000000000000000e+00,0.000000000000000000e+00,0.000000000000000000e+00
0.000000000000000000e+00,0.000000000000000000e+00,0.000000000000000000e+00,2.066476050341668150e-03,0.000000000000000000e+00,1.807307932956315338e-02,0.000000000000000000e+00,1.433060295613987171e-02,1.020493265773119579e-02,0.000000000000000000e+00
0.000000000000000000e+00,0.000000000000000000e+00,2.789990301989132143e-02,0.000000000000000000e+00,0.000000000000000000e+00,0.000000000000000000e+00,2.043476641021015408e-02,2.170342643333206950e-02,0.000000000000000000e+00,0.000000000000000000e+00
2.306346370437738560e-03,1.534150725310883152e-02,2.047002492423347433e-02,1.734556263351929792e-02,5.746625734911279398e-03,0.000000000000000000e+00,0.000000000000000000e+00,0.000000000000000000e+00,0.000000000000000000e+00,0.000000000000000000e+00
1.677893225771866573e-02,2.126995990609523851e-02,0.000000000000000000e+00,0.000000000000000000e+00,0.000000000000000000e+00,0.000000000000000000e+00,0.000000000000000000e+00,0.000000000000000000e+00,2.946385156249182145e-03,8.633625931467374393e-03
1.290223950828093061e-02,1.936110094646228356e-03,0.000000000000000000e+00,0.000000000000000000e+00,1.448188240734643237e-02,0.000000000000000000e+00,2.302388000191409045e-02,4.343168683585406711e-03,0.000000000000000000e+00,0.000000000000000000e+00
0.000000000000000000e+00,0.000000000000000000e+00,0.000000000000000000e+00,1.725822036363139009e-02,1.657257977617609263e-02,2.073245653864145763e-02,0.000000000000000000e+00,2.077338140379086928e-02,0.000000000000000000e+00,2.911056116636327046e-02
0.000000000000000000e+00,0.000000000000000000e+00,0.000000000000000000e+00,0.000000000000000000e+00,0.000000000000000000e+00,7.806290320455313778e-03,0.000000000000000000e+00,0.000000000000000000e+00,0.000000000000000000e+00,2.093132134138624492e-02
0.000000000000000000e+00,0.000000000000000000e+00,2.332345246740899838e-02,2.446530728621710768e-02,0.000000000000000000e+00,0.000000000000000000e+00,0.000000000000000000e+00,2.805263576290902700e-02,2.154848811792424088e-03,0.000000000000000000e+00
3.395133620021385194e-03,1.171282222904893033e-02,0.000000000000000000e+00,2.884096731203821679e-02,0.000000000000000000e+00,0.000000000000000000e+00,0.000000000000000000e+00,0.000000000000000000e+00,6.033102423624978235e-03,0.000000000000000000e+00
2.861891234207468437e-02,0.000000000000000000e+00,0.000000000000000000e+00,0.000000000000000000e+00,0.000000000000000000e+00,0.000000000000000000e+00,0.000000000000000000e+00,0.000000000000000000e+00,2.657832052678604437e-02,0.000000000000000000e+00
0.000000000000000000e+00,1.764317494865047173e-02,0.000000000000000000e+00,0.000000000000000000e+00,0.000000000000000000e+00,0.000000000000000000e+00,0.000000000000000000e+00,1.408358693706461030e-02,2.507713592700980612e-02,1.691925750913877632e-02
0.000000000000000000e+00,2.708234202353479794e-03,0.000000000000000000e+00,0.000000000000000000e+00,3.919528987569799623e-03,0.000000000000000000e+00,0.000000000000000000e+00,0.000000000000000000e+00,0.000000000000000000e+00,2.900755854915900919e-02
0.000000000000000000e+00,0.000000000000000000e+00,2.001222662583231060e-02,1.640591004438536615e-02,0.000000000000000000e+00,0.000000000000000000e+00,0.000000000000000000e+00,1.280506887615980114e-03,4.254196734615564579e-03,0.000000000000000000e+00
0.000000000000000000e+00,0.000000000000000000e+00,0.000000000000000000e+00,3.006730273053651731e-02,0.000000000000000000e+00,5.343520696252787236e-03,0.000000000000000000e+00,0.000000000000000000e+00,0.000000000000000000e+00,0.000000000000000000e+00
0.000000000000000000e+00,0.000000000000000000e+00,2.522871414827241102e-02,2.596965549800922535e-02,0.000000000000000000e+00,1.664041089087423334e-02,0.000000000000000000e+00,0.000000000000000000e+00,6.954408697349673263e-03,1.270422078552917210e-03
0.000000000000000000e+00,0.000000000000000000e+00,0.000000000000000000e+00,0.000000000000000000e+00,0.000000000000000000e+00,0.000000000000000000e+00,0.000000000000000000e+00,4.906339804328342658e-03,0.000000000000000000e+00,0.000000000000000000e+00
0.000000000000000000e+00,0.000000000000000000e+00,2.364938723889657701e-02,0.000000000000000000e+00,0.000000000000000000e+00,1.372854276537034506e-02,0.000000000000000000e+00,0.000000000000000000e+00,0.000000000000000000e+00,0.000000000000000000e+00
0.000000000000000000e+00,0.000000000000000000e+00,2.015425795514209570e-02,0.000000000000000000e+00,0.000000000000000000e+00,1.399131520128949792e-02,2.047815724269344290e-03,0.000000000000000000e+00,0.000000000000000000e+00,0.000000000000000000e+00
0.000000000000000000e+00,0.000000000000000000e+00,0.000000000000000000e+00,2.883594071469847142e-02,0.000000000000000000e+00,0.000000000000000000e+00,0.000000000000000000e+00,0.000000000000000000e+00,0.000000000000000000e+00,0.000000000000000000e+00
1.984318131888379577e-02,0.000000000000000000e+00,0.000000000000000000e+00,0.000000000000000000e+00,0.000000000000000000e+00,0.000000000000000000e+00,0.000000000000000000e+00,1.905109232950630976e-02,5.510325299464494814e-03,0.000000000000000000e+00
0.000000000000000000e+00,0.000000000000000000e+00,0.000000000000000000e+00,0.000000000000000000e+00,0.000000000000000000e+00,1.603335642425739171e-02,2.459207328773484538e-02,0.000000000000000000e+00,0.000000000000000000e+00,2.634417453602732814e-02
0.000000000000000000e+00,2.426705246951058395e-02,0.000000000000000000e+00,0.000000000000000000e+00,0.000000000000000000e+00,0.000000000000000000e+00,4.534569370138620721e-03,0.000000000000000000e+00,2.108276541249181832e-02,0.000000000000000000e+00
2.988923719473221552e-02,2.150079337353251463e-02,0.000000000000000000e+00,1.210674632082790053e-02,0.000000000000000000e+00,0.000000000000000000e+00,0.000000000000000000e+00,0.000000000000000000e+00,0.000000000000000000e+00,0.000000000000000000e+00
0.000000000000000000e+00,0.000000000000000000e+00,0.000000000000000000e+00,0.000000000000000000e+00,0.000000000000000000e+00,0.000000000000000000e+00,1.859968066301045247e-02,1.930365291753368068e-03,0.000000000000000000e+00,0.000000000000000000e+00
2.460187907639618116e-02,1.197231700791564352e-02,2.474440757208999642e-02,0.000000000000000000e+00,0.000000000000000000e+00,0.000000000000000000e+00,0.000000000000000000e+00,0.000000000000000000e+00,2.991759850028219425e-02,1.431356719648837431e-03
0.000000000000000000e+00,0.000000000000000000e+00,0.000000000000000000e+00,1.666020759883979005e-02,0.000000000000000000e+00,0.000000000000000000e+00,2.295955724456811425e-02,0.000000000000000000e+00,2.029142387816165738e-02,0.000000000000000000e+00
0.000000000000000000e+00,0.000000000000000000e+00,0.000000000000000000e+00,8.486227571165979797e-03,0.000000000000000000e+00,0.000000000000000000e+00,0.000000000000000000e+00,2.713602069342125819e-02,0.000000000000000000e+00,1.539986437675675522e-02
0.000000000000000000e+00,0.000000000000000000e+00,0.000000000000000000e+00,9.760686382250192625e-03,0.000000000000000000e+00,0.000000000000000000e+00,0.000000000000000000e+00,0.000000000000000000e+00,0.000000000000000000e+00,0.000000000000000000e+00
2.830430822529948071e-02,0.000000000000000000e+00,9.943153646142793498e-03,2.716377342102619524e-02,0.000000000000000000e+00,0.000000000000000000e+00,1.178335959481798456e-03,0.000000000000000000e+00,0.000000000000000000e+00,2.499489375918104508e-02
1.723194187016404214e-02,0.000000000000000000e+00,0.000000000000000000e+00,6.408975749468847141e-03,1.998997882926885350e-02,0.000000000000000000e+00,0.000000000000000000e+00,0.000000000000000000e+00,0.000000000000000000e+00,0.000000000000000000e+00
2.617718293623097492e-02,1.576971052867165435e-02,0.000000000000000000e+00,0.000000000000000000e+00,0.000000000000000000e+00,0.000000000000000000e+00,2.190471520898134780e-03,0.000000000000000000e+00,9.721811166387822264e-03,0.000000000000000000e+00
0.000000000000000000e+00,0.000000000000000000e+00,0.000000000000000000e+00,0.000000000000000000e+00,0.000000000000000000e+00,0.000000000000000000e+00,0.000000000000000000e+00,0.000000000000000000e+00,0.000000000000000000e+00,0.000000000000000000e+00
8.472905824135651843e-04,0.000000000000000000e+00,0.000000000000000000e+00,0.000000000000000000e+00,1.981339712157626637e-02,0.000000000000000000e+00,2.872087080173970838e-02,0.000000000000000000e+00,0.000000000000000000e+00,1.038246685877205686e-02
0.000000000000000000e+00,0.000000000000000000e+00,1.123925749946770927e-02,3.406345530723854046e-03,0.000000000000000000e+00,0.000000000000000000e+00,0.000000000000000000e+00,0.000000000000000000e+00,0.000000000000000000e+00,2.878431909818017151e-02
0.000000000000000000e+00,0.000000000000000000e+00,1.112730517312262440e-02,0.000000000000000000e+00,1.021546193469492075e-02,0.000000000000000000e+00,0.000000000000000000e+00,0.000000000000000000e+00,1.258728004230397039e-02,0.000000000000000000e+00
0.000000000000000000e+00,5.471511564561107148e-03,0.000000000000000000e+00,0.000000000000000000e+00,2.742636615048931609e-02,0.000000000000000000e+00,0.000000000000000000e+00,0.000000000000000000e+00,2.409869188302955767e-02,6.783935564994599335e-03
8.500121787012001814e-03,8.399646922426993708e-04,1.862436075138911712e-02,0.000000000000000000e+00,0.000000000000000000e+00,4.926478407234663286e-03,0.000000000000000000e+00,0.000000000000000000e+00,2.289928455573691027e-02,1.270707395151303085e-02
0.000000000000000000e+00,1.243821237791884263e-02,0.000000000000000000e+00,0.000000000000000000e+00,0.000000000000000000e+00,0.000000000000000000e+00,0.000000000000000000e+00,0.000000000000000000e+00,0.000000000000000000e+00,0.000000000000000000e+00
1.801881296269006172e-02,0.000000000000000000e+00,0.000000000000000000e+00,0.000000000000000000e+00,0.000000000000000000e+00,2.337201798734524910e-02,0.000000000000000000e+00,4.336317887962963698e-03,0.000000000000000000e+00,0.000000000000000000e+00
0.000000000000000000e+00,0.000000000000000000e+00,0.000000000000000000e+00,0.000000000000000000e+00,1.780058456439481337e-02,1.976862489953343238e-02,2.101129014468346157e-02,0.000000000000000000e+00,0.000000000000000000e+00,2.117425702309530533e-02
1.695050250059343747e-02,0.000000000000000000e+00,0.000000000000000000e+00,0.000000000000000000e+00,2.466621929730572482e-02,0.000000000000000000e+00,0.000000000000000000e+00,0.000000000000000000e+00,1.197799619491208374e-03,4.357462919445952848e-03
1.759739954249812596e-03,4.195177395044727962e-04,0.000000000000000000e+00,0.000000000000000000e+00,0.000000000000000000e+00,2.613864175386244881e-02,0.000000000000000000e+00,0.000000000000000000e+00,0.000000000000000000e+00,0.000000000000000000e+00
0.000000000000000000e+00,0.000000000000000000e+00,0.000000000000000000e+00,0.000000000000000000e+00,2.229887201914443340e-02,0.000000000000000000e+00,0.000000000000000000e+00,0.000000000000000000e+00,5.416348142836016968e-03,0.000000000000000000e+00
