0.000000000000000000e+00,0.000000000000000000e+00,0.000000000000000000e+00,0.000000000000000000e+00,3.271211788519454156e-03,0.000000000000000000e+00,0.000000000000000000e+00,0.000000000000000000e+00,3.246734119121203171e-03,0.000000000000000000e+00
0.000000000000000000e+00,0.000000000000000000e+00,2.363758247454346081e-02,0.000000000000000000e+00,0.000000000000000000e+00,0.000000000000000000e+00,0.000000000000000000e+00,0.000000000000000000e+00,0.000000000000000000e+00,0.000000000000000000e+00
1.770292327756789116e-02,0.000000000000000000e+00,2.732781116193126400e-02,0.000000000000000000e+00,0.000000000000000000e+00,0.000000000000000000e+00,0.000000000000000000e+00,0.000000000000000000e+00,0.000000000000000000e+00,0.000000000000000000e+00
0.000000000000000000e+00,1.573732341956579281e-02,0.000000000000000000e+00,0.000000000000000000e+00,0.000000000000000000e+00,1.671361944310945785e-02,0.000000000000000000e+00,2.083214669843191577e-02,0.000000000000000000e+00,0.000000000000000000e+00
2.354306128598702974e-02,0.000000000000000000e+00,0.000000000000000000e+00,0.000000000000000000e+00,0.000000000000000000e+00,0.000000000000000000e+00,0.000000000000000000e+00,0.000000000000000000e+00,0.000000000000000000e+00,2.158409200031197878e-02
0.000000000000000000e+00,0.000000000000000000e+00,0.000000000000000000e+00,0.000000000000000000e+00,7.629583532422858951e-03,0.000000000000000000e+00,0.000000000000000000e+00,3.043107525607860117e-02,0.000000000000000000e+00,0.000000000000000000e+00
0.000000000000000000e+00,3.949596511876356936e-03,7.649750413980659948e-03,0.000000000000000000e+00,1.919308515877799631e-02,0.000000000000000000e+00,7.448684416202802812e-03,0.000000000000000000e+00,0.000000000000000000e+00,0.000000000000000000e+00
2.536546300053937192e-03,0.000000000000000000e+00,0.000000000000000000e+00,1.706760363518718474e-02,0.000000000000000000e+00,0.000000000000000000e+00,1.453074993136940773e-02,0.000000000000000000e+00,0.000000000000000000e+00,0.000000000000000000e+00
8.773561353601274163e-03,1.637136957024492440e-02,0.000000000000000000e+00,0.000000000000000000e+00,0.000000000000000000e+00,0.000000000000000000e+00,0.000000000000000000e+00,1.347329424184582833e-02,0.000000000000000000e+00,0.000000000000000000e+00
0.000000000000000000e+00,0.000000000000000000e+00,0.000000000000000000e+00,2.352896037908165303e-02,0.000000000000000000e+00,2.141342614027492292e-02,0.000000000000000000e+00,0.000000000000000000e+00,0.000000000000000000e+00,0.000000000000000000e+00
0.000000000000000000e+00,0.000000000000000000e+00,2.065718846576465595e-02,5.224721963372348787e-03,0.000000000000000000e+00,1.587135606484115988e-02,0.000000000000000000e+00,0.000000000000000000e+00,0.000000000000000000e+00,0.000000000000000000e+00
2.346719843327982682e-02,0.000000000000000000e+00,0.000000000000000000e+00,0.000000000000000000e+00,0.000000000000000000e+00,0.000000000000000000e+00,3.614027092711208193e-03,0.000000000000000000e+00,1.715462049185672438e-02,1.268074336315469682e-02
0.000000000000000000e+00,0.000000000000000000e+00,0.000000000000000000e+00,0.000000000000000000e+00,0.000000000000000000e+00,0.000000000000000000e+00,0.000000000000000000e+00,0.000000000000000000e+00,8.718376774736101564e-03,0.000000000000000000e+00
0.000000000000000000e+00,1.244651511862309226e-02,0.000000000000000000e+00,0.000000000000000000e+00,0.000000000000000000e+00,2.250044842074184342e-03,0.000000000000000000e+00,2.317718077599436460e-02,0.000000000000000000e+00,0.000000000000000000e+00
0.000000000000000000e+00,0.000000000000000000e+00,1.799291513391065161e-02,0.000000000000000000e+00,1.298803192442763918e-02,0.000000000000000000e+00,0.000000000000000000e+00,0.000000000000000000e+00,4.413488751528291121e-03,0.000000000000000000e+00
0.000000000000000000e+00,0.000000000000000000e+00,2.126296529792170639e-02,9.420852480625189346e-03,6.491071993103564829e-03,0.000000000000000000e+00,1.597701994799035838e-02,0.000000000000000000e+00,0.000000000000000000e+00,0.000000000000000000e+00
0.000000000000000000e+00,7.266337672000577029e-03,0.000000000000000000e+00,1.122905596207055684e-02,0.000000000000000000e+00,0.000000000000000000e+00,0.000000000000000000e+00,1.999591897873236480e-03,1.976483539562429864e-02,0.000000000000000000e+00
0.000000000000000000e+00,0.000000000000000000e+00,0.000000000000000000e+00,2.084893086064020656e-02,1.669405940806058253e-02,0.000000000000000000e+00,0.000000000000000000e+00,0.000000000000000000e+00,2.180395773062329678e-02,0.000000000000000000e+00
0.000000000000000000e+00,0.000000000000000000e+00,0.000000000000000000e+00,2.261346401089110725e-02,0.000000000000000000e+00,0.000000000000000000e+00,0.000000000000000000e+00,1.841111321042411195e-02,0.000000000000000000e+00,2.404159652148316062e-02
0.000000000000000000e+00,0.000000000000000000e+00,1.048851018198461785e-02,0.000000000000000000e+00,0.000000000000000000e+00,1.047270999306687891e-02,0.000000000000000000e+00,0.000000000000000000e+00,2.276412498674844354e-02,1.732429558798566013e-02
0.000000000000000000e+00,3.392648866015253450e-02,0.000000000000000000e+00,0.000000000000000000e+00,0.000000000000000000e+00,0.000000000000000000e+00,0.000000000000000000e+00,0.000000000000000000e+00,0.000000000000000000e+00,0.000000000000000000e+00
0.000000000000000000e+00,0.000000000000000000e+00,2.588771997157458468e-02,1.646625496445998718e-02,2.138333553438290582e-02,0.000000000000000000e+00,0.000000000000000000e+00,0.000000000000000000e+00,0.000000000000000000e+00,2.620320898029379272e-02
0.000000000000000000e+00,0.000000000000000000e+00,0.000000000000000000e+00,7.409188215792322958e-03,0.000000000000000000e+00,0.000000000000000000e+00,0.000000000000000000e+00,2.198429099470739813e-03,0.000000000000000000e+00,0.000000000000000000e+00
0.000000000000000000e+00,0.000000000000000000e+00,1.597226878932722985e-02,0.000000000000000000e+00,0.000000000000000000e+00,1.231925526941490823e-02,7.461099014133048581e-03,0.000000000000000000e+00,0.000000000000000000e+00,0.000000000000000000e+00
0.000000000000000000e+00,0.000000000000000000e+00,0.000000000000000000e+00,2.276765738214344900e-02,0.000000000000000000e+00,1.005602742959113040e-02,0.000000000000000000e+00,0.000000000000000000e+00,0.000000000000000000e+00,0.000000000000000000e+00
0.000000000000000000e+00,0.000000000000000000e+00,1.163326186883994508e-02,0.000000000000000000e+00,0.000000000000000000e+00,1.020780661049346637e-02,0.000000000000000000e+00,0.000000000000000000e+00,2.857976089896956812e-02,0.000000000000000000e+00
0.000000000000000000e+00,0.000000000000000000e+00,0.000000000000000000e+00,0.000000000000000000e+00,0.000000000000000000e+00,1.489610162820073289e-02,0.000000000000000000e+00,0.000000000000000000e+00,1.068496340260802549e-02,2.461420850076159392e-02
2.060164701598124135e-02,1.089778779417809040e-02,5.622696144715697703e-03,2.193248932352782898e-02,0.000000000000000000e+00,0.000000000000000000e+00,0.000000000000000000e+00,1.041676077937782156e-02,0.000000000000000000e+00,0.000000000000000000e+00
0.000000000000000000e+00,0.000000000000000000e+00,0.000000000000000000e+00,0.000000000000000000e+00,0.000000000000000000e+00,0.000000000000000000e+00,1.045073300839238772e-02,0.000000000000000000e+00,0.000000000000000000e+00,0.000000000000000000e+00
0.000000000000000000e+00,0.000000000000000000e+00,9.545265377887425171e-03,0.000000000000000000e+00,0.000000000000000000e+00,0.000000000000000000e+00,0.000000000000000000e+00,0.000000000000000000e+00,0.000000000000000000e+00,1.224256163577964324e-02
0.000000000000000000e+00,0.000000000000000000e+00,0.000000000000000000e+00,0.000000000000000000e+00,1.858686565143529909e-02,5.936826545770942411e-03,0.000000000000000000e+00,0.000000000000000000e+00,0.000000000000000000e+00,0.000000000000000000e+00
3.816609978810593228e-03,0.000000000000000000e+00,0.000000000000000000e+00,0.000000000000000000e+00,0.000000000000000000e+00,7.699220763026448991e-04,0.000000000000000000e+00,0.000000000000000000e+00,0.000000000000000000e+00,3.848536999318686452e-03
0.000000000000000000e+00,0.000000000000000000e+00,1.282303288614033802e-02,0.000000000000000000e+00,0.000000000000000000e+00,0.000000000000000000e+00,6.496117931513701281e-03,0.000000000000000000e+00,1.195450407162910143e-02,2.203902690060187408e-02
2.025170127030608697e-02,2.826173640873015213e-03,0.000000000000000000e+00,5.615716547831667814e-03,0.000000000000000000e+00,1.189017830124963412e-02,7.982773082176326807e-03,0.000000000000000000e+00,1.832630906685052408e-02,0.000000000000000000e+00
0.000000000000000000e+00,3.347609830873180675e-02,2.548506891442982314e-02,0.000000000000000000e+00,0.000000000000000000e+00,0.000000000000000000e+00,0.000000000000000000e+00,0.000000000000000000e+00,0.000000000000000000e+00,0.000000000000000000e+00
2.477791433680364558e-02,0.000000000000000000e+00,2.613562901234831818e-03,0.000000000000000000e+00,0.000000000000000000e+00,0.000000000000000000e+00,2.841993334379909735e-03,2.490280344379550582e-03,0.000000000000000000e+00,0.000000000000000000e+00
0.000000000000000000e+00,0.000000000000000000e+00,0.000000000000000000e+00,0.000000000000000000e+00,0.000000000000000000e+00,0.000000000000000000e+00,0.000000000000000000e+00,0.000000000000000000e+00,0.000000000000000000e+00,0.000000000000000000e+00
0.000000000000000000e+00,0.000000000000000000e+00,2.344105027150603440e-02,0.000000000000000000e+00,0.000000000000000000e+00,1.898964378973116290e-02,1.981409842665904017e-02,0.000000000000000000e+00,0.000000000000000000e+00,8.214228054261399695e-03
0.000000000000000000e+00,0.000000000000000000e+00,2.241908516618506056e-02,0.000000000000000000e+00,0.000000000000000000e+00,0.000000000000000000e+00,0.000000000000000000e+00,0.000000000000000000e+00,6.767727293884651281e-03,0.000000000000000000e+00
0.000000000000000000e+00,0.000000000000000000e+00,2.241852507207875086e-02,0.000000000000000000e+00,0.000000000000000000e+00,0.000000000000000000e+00,1.832232923090252111e-02,1.430488912235378324e-03,1.590306868366610704e-03,0.000000000000000000e+00
0.000000000000000000e+00,0.000000000000000000e+00,6.194341111244590706e-03,0.000000000000000000e+00,1.845150757262651459e-02,0.000000000000000000e+00,2.460124578394557587e-02,0.000000000000000000e+00,0.000000000000000000e+00,2.274842442890114003e-02
0.000000000000000000e+00,0.000000000000000000e+00,0.000000000000000000e+00,7.034763949245396129e-03,2.107295652873995839e-02,7.251628540477257114e-03,2.347317753787232092e-02,0.000000000000000000e+00,1.856587767999066290e-03,1.670349668488248229e-02
0.000000000000000000e+00,9.376270764760828366e-03,0.000000000000000000e+00,0.000000000000000000e+00,0.000000000000000000e+00,0.000000000000000000e+00,0.000000000000000000e+00,2.024766977015562616e-02,2.236662939080880791e-02,0.000000000000000000e+00
2.045231572757089458e-02,0.000000000000000000e+00,2.156225469708333842e-02,0.000000000000000000e+00,2.508262419884779975e-03,1.367922713237504709e-02,0.000000000000000000e+00,0.000000000000000000e+00,0.000000000000000000e+00,1.802148332359343116e-02
0.000000000000000000e+00,0.000000000000000000e+00,0.000000000000000000e+00,0.000000000000000000e+00,0.000000000000000000e+00,1.065365900486980530e-02,0.000000000000000000e+00,2.651755079313237399e-03,2.235243051081361315e-02,8.550336381249305090e-03
1.515252562308700909e-02,0.000000000000000000e+00,0.000000000000000000e+00,1.778318010899707438e-02,0.000000000000000000e+00,2.323200998615804549e-02,0.000000000000000000e+00,0.000000000000000000e+00,0.000000000000000000e+00,0.000000000000000000e+00
0.000000000000000000e+00,0.000000000000000000e+00,0.000000000000000000e+00,0.000000000000000000e+00,0.000000000000000000e+00,0.000000000000000000e+00,2.899967003558264183e-03,0.000000000000000000e+00,0.000000000000000000e+00,0.000000000000000000e+00
0.000000000000000000e+00,1.824000407625974915e-02,1.111644917442841662e-02,0.000000000000000000e+00,0.000000000000000000e+00,0.000000000000000000e+00,0.000000000000000000e+00,0.000000000000000000e+00,0.000000000000000000e+00,2.654165677627812539e-02
2.094057210339009961e-02,2.154691507300522581e-03,0.000000000000000000e+00,0.000000000000000000e+00,0.000000000000000000e+00,0.000000000000000000e+00,0.000000000000000000e+00,0.000000000000000000e+00,2.107965067095162945e-02,0.000000000000000000e+00
0.000000000000000000e+00,0.000000000000000000e+00,0.000000000000000000e+00,2.128908883068291250e-02,1.500933037349717544e-02,0.000000000000000000e+00,1.259766222758025404e-02,0.000000000000000000e+00,0.000000000000000000e+00,0.000000000000000000e+00
1.877829882257046890e-02,2.814264521099116637e-02,0.000000000000000000e+00,0.000000000000000000e+00,2.463559949016807735e-02,0.000000000000000000e+00,1.684831006284582752e-02,0.000000000000000000e+00,0.000000000000000000e+00,0.000000000000000000e+00
0.000000000000000000e+00,0.000000000000000000e+00,8.298555434710192316e-03,0.000000000000000000e+00,2.311562848155550298e-02,0.000000000000000000e+00,0.000000000000000000e+00,0.000000000000000000e+00,0.000000000000000000e+00,3.062085537056566734e-02
6.283571398322368093e-03,2.085420777922388988e-02,1.650973910498507169e-02,0.000000000000000000e+00,1.835393779325721758e-02,0.000000000000000000e+00,0.000000000000000000e+00,0.000000000000000000e+00,0.000000000000000000e+00,1.319770747718527343e-02
0.000000000000000000e+00,0.000000000000000000e+00,2.107530620742700117e-02,0.000000000000000000e+00,0.000000000000000000e+00,1.640959975812728358e-02,6.115064632631815773e-03,1.092758002926316405e-02,0.000000000000000000e+00,0.000000000000000000e+00
0.000000000000000000e+00,8.281473599919802336e-03,0.000000000000000000e+00,2.850128814257553433e-02,0.000000000000000000e+00,0.000000000000000000e+00,0.000000000000000000e+00,0.000000000000000000e+00,0.000000000000000000e+00,0.000000000000000000e+00
0.000000000000000000e+00,0.000000000000000000e+00,0.000000000000000000e+00,0.000000000000000000e+00,0.000000000000000000e+00,0.000000000000000000e+00,1.579644427630859729e-02,0.000000000000000000e+00,0.000000000000000000e+00,1.902904776484413626e-02
0.000000000000000000e+00,0.000000000000000000e+00,0.000000000000000000e+00,0.000000000000000000e+00,0.000000000000000000e+00,1.104322791896293794e-02,0.000000000000000000e+00,0.000000000000000000e+00,0.000000000000000000e+00,0.000000000000000000e+00
0.000000000000000000e+00,0.000000000000000000e+00,0.000000000000000000e+00,0.000000000000000000e+00,0.000000000000000000e+00,0.000000000000000000e+00,0.000000000000000000e+00,1.572439946153728063e-02,0.000000000000000000e+00,0.000000000000000000e+00
0.000000000000000000e+00,0.000000000000000000e+00,9.749435690791477711e-04,0.000000000000000000e+00,1.453933606651605474e-02,0.000000000000000000e+00,0.000000000000000000e+00,0.000000000000000000e+00,1.976851971625916138e-02,0.000000000000000000e+00
0.000000000000000000e+00,0.000000000000000000e+00,0.000000000000000000e+00,0.000000000000000000e+00,3.315839442700290601e-02,0.000000000000000000e+00,0.000000000000000000e+00,0.000000000000000000e+00,0.000000000000000000e+00,0.000000000000000000e+00
0.000000000000000000e+00,0.000000000000000000e+00,8.963254643315652845e-03,4.677119057457520060e-03,1.566107208446859342e-02,1.410009221775483310e-02,0.000000000000000000e+00,2.063807410685710927e-02,0.000000000000000000e+00,0.000000000000000000e+00
0.000000000000000000e+00,0.000000000000000000e+00,0.000000000000000000e+00,2.592990659841099693e-02,0.000000000000000000e+00,0.000000000000000000e+00,0.000000000000000000e+00,4.316962208727449964e-03,0.000000000000000000e+00,1.488932289654281132e-03
1.163986280620615994e-02,0.000000000000000000e+00,0.000000000000000000e+00,7.497460575501707115e-03,0.000000000000000000e+00,0.000000000000000000e+00,2.054010393071861035e-02,0.000000000000000000e+00,0.000000000000000000e+00,0.000000000000000000e+00
2.386697799785746088e-02,3.163687560840817460e-03,0.000000000000000000e+00,0.000000000000000000e+00,0.000000000000000000e+00,1.748098658135488481e-02,0.000000000000000000e+00,0.000000000000000000e+00,0.000000000000000000e+00,0.000000000000000000e+00
0.000000000000000000e+00,0.000000000000000000e+00,2.461078988989473873e-02,2.010246898470978080e-02,7.389444686597504983e-04,1.514906456939521355e-02,0.000000000000000000e+00,0.000000000000000000e+00,9.294477367891624056e-03,0.000000000000000000e+00
0.000000000000000000e+00,0.000000000000000000e+00,0.000000000000000000e+00,1.962473579131967377e-02,9.174011445335160386e-03,0.000000000000000000e+00,0.000000000000000000e+00,1.046549073023935600e-02,0.000000000000000000e+00,0.000000000000000000e+00
5.360466731158130931e-03,2.195757654733986042e-02,9.420676776994679757e-03,0.000000000000000000e+00,3.991652839733818010e-04,0.000000000000000000e+00,0.000000000000000000e+00,0.000000000000000000e+00,1.943684722033285975e-02,0.000000000000000000e+00
0.000000000000000000e+00,2.006463690316410628e-02,0.000000000000000000e+00,0.000000000000000000e+00,0.000000000000000000e+00,1.625094257124508335e-02,0.000000000000000000e+00,6.695731053926461292e-03,2.212293052774355964e-02,1.071158995278824466e-02
0.000000000000000000e+00,0.000000000000000000e+00,0.000000000000000000e+00,0.000000000000000000e+00,6.012893903358765453e-03,2.937750921638278626e-02,0.000000000000000000e+00,2.307671838394416072e-02,0.000000000000000000e+00,0.000000000000000000e+00
0.000000000000000000e+00,0.000000000000000000e+00,2.940724678076687970e-02,2.307329480157872120e-03,0.000000000000000000e+00,6.802228525818995774e-04,0.000000000000000000e+00,0.000000000000000000e+00,0.000000000000000000e+00,0.000000000000000000e+00
2.890869699003029841e-02,0.000000000000000000e+00,0.000000000000000000e+00,0.000000000000000000e+00,0.000000000000000000e+00,0.000000000000000000e+00,0.000000000000000000e+00,0.000000000000000000e+00,0.000000000000000000e+00,0.000000000000000000e+00
0.000000000000000000e+00,0.000000000000000000e+00,1.530120771712679094e-02,1.997037165115539761e-02,2.018038542997943954e-02,0.000000000000000000e+00,0.000000000000000000e+00,2.386657649223629385e-02,0.000000000000000000e+00,1.237408947482983128e-02
0.000000000000000000e+00,2.936975211398322461e-02,0.000000000000000000e+00,0.000000000000000000e+00,0.000000000000000000e+00,0.000000000000000000e+00,1.028247825089386239e-02,1.628609144582683632e-02,0.000000000000000000e+00,0.000000000000000000e+00
5.140091504758153088e-03,0.000000000000000000e+00,1.176261248694775510e-02,1.546482267236553090e-02,1.078514306886230352e-02,0.000000000000000000e+00,0.000000000000000000e+00,1.397502119594826349e-02,0.000000000000000000e+00,0.000000000000000000e+00
0.000000000000000000e+00,1.647702902960494764e-02,2.347219681434794744e-02,0.000000000000000000e+00,0.000000000000000000e+00,2.335115911519791004e-02,1.428004186414874761e-02,0.000000000000000000e+00,0.000000000000000000e+00,6.417568391778425904e-03
0.000000000000000000e+00,0.000000000000000000e+00,0.000000000000000000e+00,1.525072571524277269e-03,0.000000000000000000e+00,3.432438558415761877e-03,2.255291764723313733e-02,0.000000000000000000e+00,3.485558496179544212e-03,0.000000000000000000e+00
1.920320134241304544e-02,5.482820441367593743e-03,2.199599588908679806e-02,0.000000000000000000e+00,0.000000000000000000e+00,0.000000000000000000e+00,0.000000000000000000e+00,0.000000000000000000e+00,0.000000000000000000e+00,0.000000000000000000e+00
0.000000000000000000e+00,0.000000000000000000e+00,0.000000000000000000e+00,0.000000000000000000e+00,0.000000000000000000e+00,0.000000000000000000e+00,0.000000000000000000e+00,4.399699692873695889e-03,0.000000000000000000e+00,0.000000000000000000e+00
1.467994205298124404e-02,7.688588635207818309e-03,0.000000000000000000e+00,3.148303620002612917e-03,1.078331261556161359e-02,0.000000000000000000e+00,0.000000000000000000e+00,5.445395507298989718e-03,0.000000000000000000e+00,4.889374135493139428e-03
0.000000000000000000e+00,0.000000000000000000e+00,0.000000000000000000e+00,0.000000000000000000e+00,0.000000000000000000e+00,0.000000000000000000e+00,0.000000000000000000e+00,0.000000000000000000e+00,0.000000000000000000e+00,1.844918621973889311e-02
0.000000000000000000e+00,1.888064183397233226e-02,4.122556118223969120e-03,2.858388427057777237e-02,3.308070883922831825e-03,0.000000000000000000e+00,0.000000000000000000e+00,0.000000000000000000e+00,0.000000000000000000e+00,0.000000000000000000e+00
0.000000000000000000e+00,0.000000000000000000e+00,0.000000000000000000e+00,0.000000000000000000e+00,0.000000000000000000e+00,0.000000000000000000e+00,0.000000000000000000e+00,2.722798740018912353e-02,5.910609829670760741e-03,2.878090002380928603e-02
1.200580320915024639e-02,0.000000000000000000e+00,0.000000000000000000e+00,0.000000000000000000e+00,7.915025303757410730e-03,0.000000000000000000e+00,2.169547181206403150e-02,0.000000000000000000e+00,2.296258268853777068e-02,0.000000000000000000e+00
0.000000000000000000e+00,0.000000000000000000e+00,8.922980747618205685e-03,0.000000000000000000e+00,0.000000000000000000e+00,0.000000000000000000e+00,0.000000000000000000e+00,4.219407831757743081e-03,0.000000000000000000e+00,0.000000000000000000e+00
0.000000000000000000e+00,0.000000000000000000e+00,1.396154169502694838e-02,0.000000000000000000e+00,0.000000000000000000e+00,0.000000000000000000e+00,0.000000000000000000e+00,1.957431375255857739e-02,0.000000000000000000e+00,0.000000000000000000e+00
0.000000000000000000e+00,0.000000000000000000e+00,0.000000000000000000e+00,4.349082029810248662e-03,1.792932331369636711e-03,0.000000000000000000e+00,0.000000000000000000e+00,0.000000000000000000e+00,0.000000000000000000e+00,3.502665120500312711e-03
0.000000000000000000e+00,0.000000000000000000e+00,0.000000000000000000e+00,4.394946755886561078e-03,0.000000000000000000e+00,0.000000000000000000e+00,7.667182206562953191e-04,0.000000000000000000e+00,0.000000000000000000e+00,2.899411603379768200e-03
0.000000000000000000e+00,9.915996439234651960e-03,2.627236971549866407e-02,0.000000000000000000e+00,0.000000000000000000e+00,1.302604942719413905e-02,0.000000000000000000e+00,0.000000000000000000e+00,2.105166978018811405e-02,0.000000000000000000e+00
0.000000000000000000e+00,0.000000000000000000e+00,0.000000000000000000e+00,2.416485028871890109e-02,2.762522641354145034e-02,9.715620058134255554e-03,0.000000000000000000e+00,0.000000000000000000e+00,0.000000000000000000e+00,0.000000000000000000e+00
7.607332717092126634e-03,0.000000000000000000e+00,0.000000000000000000e+00,0.000000000000000000e+00,0.000000000000000000e+00,1.174159020973615519e-02,2.413658058688885819e-02,0.000000000000000000e+00,1.474225154681774869e-02,0.000000000000000000e+00
2.244924006638544106e-02,0.000000000000000000e+00,0.000000000000000000e+00,2.174536459395431248e-02,1.895431039212719382e-02,0.000000000000000000e+00,0.000000000000000000e+00,0.000000000000000000e+00,0.000000000000000000e+00,0.000000000000000000e+00
0.000000000000000000e+00,0.000000000000000000e+00,0.000000000000000000e+00,0.000000000000000000e+00,2.208227662939777486e-02,1.756050856095759879e-02,0.000000000000000000e+00,7.837494062442398879e-03,5.073727016109264194e-03,5.492894252953774798e-04
0.000000000000000000e+00,0.000000000000000000e+00,0.000000000000000000e+00,0.000000000000000000e+00,2.466315677733351558e-02,0.000000000000000000e+00,0.000000000000000000e+00,0.000000000000000000e+00,1.755989281190725032e-02,0.000000000000000000e+00
0.000000000000000000e+00,1.459428954681737077e-02,0.000000000000000000e+00,0.000000000000000000e+00,1.732969297860337959e-02,1.071434138191801767e-03,0.000000000000000000e+00,0.000000000000000000e+00,0.000000000000000000e+00,1.640007302939593126e-02
0.000000000000000000e+00,2.794727350039205409e-03,0.000000000000000000e+00,4.284898722373733405e-03,0.000000000000000000e+00,2.546793155431203992e-02,0.000000000000000000e+00,0.000000000000000000e+00,0.000000000000000000e+00,0.000000000000000000e+00
0.000000000000000000e+00,5.904451580966014459e-04,0.000000000000000000e+00,0.000000000000000000e+00,0.000000000000000000e+00,0.000000000000000000e+00,0.000000000000000000e+00,1.577255007348777683e-03,0.000000000000000000e+00,0.000000000000000000e+00
0.000000000000000000e+00,0.000000000000000000e+00,0.000000000000000000e+00,0.000000000000000000e+00,1.347501913798317304e-02,3.015804832975324101e-03,0.000000000000000000e+00,7.520962228556759416e-03,1.232461151787947462e-02,0.000000000000000000e+00
2.105359222733366870e-02,0.000000000000000000e+00,0.000000000000000000e+00,0.000000000000000000e+00,0.000000000000000000e+00,8.587092119260412038e-04,0.000000000000000000e+00,1.473488590444716265e-02,9.100353809306942904e-03,0.000000000000000000e+00
1.922496733113483736e-02,0.000000000000000000e+00,7.179003608879920215e-03,0.000000000000000000e+00,6.840229659524819060e-04,0.000000000000000000e+00,1.815328576951246928e-02,1.748833553446994815e-02,0.000000000000000000e+00,6.191579999844399121e-03
2.626106311471741728e-02,0.000000000000000000e+00,2.151845400942130511e-03,0.000000000000000000e+00,1.190877674827453374e-02,0.000000000000000000e+00,0.000000000000000000e+00,0.000000000000000000e+00,0.000000000000000000e+00,0.000000000000000000e+00
2.594262693593947511e-02,0.000000000000000000e+00,0.000000000000000000e+00,0.000000000000000000e+00,0.000000000000000000e+00,7.563106526984620867e-03,0.000000000000000000e+00,0.000000000000000000e+00,0.000000000000000000e+00,0.000000000000000000e+00
0.000000000000000000e+00,0.000000000000000000e+00,0.000000000000000000e+00,0.000000000000000000e+00,3.525004481213979239e-03,0.000000000000000000e+00,0.000000000000000000e+00,0.000000000000000000e+00,2.013035873222929206e-02,8.785356658669097804e-03
0.000000000000000000e+00,0.000000000000000000e+00,0.000000000000000000e+00,2.467991997431813120e-02,0.000000000000000000e+00,7.827700608768738480e-03,0.000000000000000000e+00,2.504985116481196414e-02,8.732459876733409537e-03,0.000000000000000000e+00
0.000000000000000000e+00,2.487538468400101246e-02,0.000000000000000000e+00,0.000000000000000000e+00,0.000000000000000000e+00,0.000000000000000000e+00,0.000000000000000000e+00,0.000000000000000000e+00,2.165334172497800427e-02,0.000000000000000000e+00
2.666628900859842680e-02,0.000000000000000000e+00,0.000000000000000000e+00,0.000000000000000000e+00,0.000000000000000000e+00,0.000000000000000000e+00,0.000000000000000000e+00,0.000000000000000000e+00,0.000000000000000000e+00,1.402882970978060542e-02
1.365136954383718015e-02,1.131612225112045220e-02,0.000000000000000000e+00,0.000000000000000000e+00,1.762980999652159417e-02,0.000000000000000000e+00,4.061359477828457853e-03,0.000000000000000000e+00,0.000000000000000000e+00,4.885378116464012162e-03
0.000000000000000000e+00,0.000000000000000000e+00,1.651205782990038812e-02,0.000000000000000000e+00,1.343596709518525383e-02,0.000000000000000000e+00,2.169251792430054379e-02,7.762581711057109195e-03,0.000000000000000000e+00,0.000000000000000000e+00
0.000000000000000000e+00,0.000000000000000000e+00,0.000000000000000000e+00,0.000000000000000000e+00,0.000000000000000000e+00,3.015361570496514002e-03,0.000000000000000000e+00,0.000000000000000000e+00,0.000000000000000000e+00,0.000000000000000000e+00
0.000000000000000000e+00,0.000000000000000000e+00,1.689158943946848790e-02,0.000000000000000000e+00,0.000000000000000000e+00,0.000000000000000000e+00,1.875286686842925210e-02,0.000000000000000000e+00,4.299180429194120884e-03,0.000000000000000000e+00
0.000000000000000000e+00,1.201632977016595235e-03,0.000000000000000000e+00,0.000000000000000000e+00,6.883644098180679259e-03,4.665731944168099825e-03,3.707305783102475376e-03,8.567085719934492121e-04,1.050436996569680589e-03,1.102733962339762057e-02
0.000000000000000000e+00,0.000000000000000000e+00,0.000000000000000000e+00,2.083023301971383134e-02,0.000000000000000000e+00,7.401621025104919600e-03,0.000000000000000000e+00,0.000000000000000000e+00,0.000000000000000000e+00,0.000000000000000000e+00
0.000000000000000000e+00,0.000000000000000000e+00,1.365490937757047468e-02,0.000000000000000000e+00,0.000000000000000000e+00,1.466896768731700993e-03,5.290158526397645408e-04,0.000000000000000000e+00,0.000000000000000000e+00,2.591867018580652771e-02
0.000000000000000000e+00,0.000000000000000000e+00,0.000000000000000000e+00,0.000000000000000000e+00,1.758266553078306413e-02,2.369410530312977738e-03,0.000000000000000000e+00,0.000000000000000000e+00,0.000000000000000000e+00,3.089501053813135251e-02
0.000000000000000000e+00,2.365176691981242529e-02,2.333141798378322862e-02,0.000000000000000000e+00,0.000000000000000000e+00,0.000000000000000000e+00,0.000000000000000000e+00,0.000000000000000000e+00,1.002422002619526853e-02,0.000000000000000000e+00
0.000000000000000000e+00,0.000000000000000000e+00,0.000000000000000000e+00,0.000000000000000000e+00,0.000000000000000000e+00,0.000000000000000000e+00,2.603966792149408141e-02,0.000000000000000000e+00,0.000000000000000000e+00,2.196036868243560897e-02
0.000000000000000000e+00,0.000000000000000000e+00,2.811488739135584516e-02,0.000000000000000000e+00,0.000000000000000000e+00,2.053354771358609915e-02,0.000000000000000000e+00,0.000000000000000000e+00,0.000000000000000000e+00,0.000000000000000000e+00
8.336147537954613496e-03,0.000000000000000000e+00,0.000000000000000000e+00,1.186441333874810149e-02,0.000000000000000000e+00,1.679766408004018316e-02,0.000000000000000000e+00,0.000000000000000000e+00,0.000000000000000000e+00,9.156650696243840912e-03
0.000000000000000000e+00,0.000000000000000000e+00,4.784557071573160205e-04,0.000000000000000000e+00,0.000000000000000000e+00,1.118155937634770017e-02,1.753243059275341048e-02,1.388480536641257786e-04,1.514653450145549488e-02,6.258494602701137992e-03
0.000000000000000000e+00,0.000000000000000000e+00,1.288372410123736315e-02,0.000000000000000000e+00,0.000000000000000000e+00,0.000000000000000000e+00,0.000000000000000000e+00,0.000000000000000000e+00,1.934194262387822077e-02,0.000000000000000000e+00
2.320948103190398695e-02,0.000000000000000000e+00,0.000000000000000000e+00,0.000000000000000000e+00,1.309461182967804060e-02,0.000000000000000000e+00,1.311764016602410231e-02,1.149170526151449198e-02,1.071574026990057549e-02,7.264944438726305027e-03
0.000000000000000000e+00,9.155443638896487019e-03,0.000000000000000000e+00,0.000000000000000000e+00,0.000000000000000000e+00,0.000000000000000000e+00,1.863122843097856501e-02,0.000000000000000000e+00,1.992008632500063756e-02,0.000000000000000000e+00
0.000000000000000000e+00,0.000000000000000000e+00,1.843170077354476868e-02,9.802119465157917155e-03,2.170538412393312536e-02,0.000000000000000000e+00,0.000000000000000000e+00,0.000000000000000000e+00,0.000000000000000000e+00,1.655838094082800332e-02
0.000000000000000000e+00,0.000000000000000000e+00,0.000000000000000000e+00,2.278745605651489800e-02,0.000000000000000000e+00,0.000000000000000000e+00,1.714276805193804681e-02,0.000000000000000000e+00,2.129858749106411722e-02,0.000000000000000000e+00
2.183028920536718952e-03,0.000000000000000000e+00,2.659553491107109757e-02,1.169323964398473296e-02,0.000000000000000000e+00,0.000000000000000000e+00,1.914787185732352154e-02,8.812875730817763473e-03,0.000000000000000000e+00,0.000000000000000000e+00
1.310789803997601055e-03,6.705822832916083498e-03,0.000000000000000000e+00,0.000000000000000000e+00,0.000000000000000000e+00,0.000000000000000000e+00,1.914772265866350465e-02,0.000000000000000000e+00,0.000000000000000000e+00,0.000000000000000000e+00
0.000000000000000000e+00,0.000000000000000000e+00,8.827497867115034411e-03,0.000000000000000000e+00,0.000000000000000000e+00,2.056910169099274849e-02,0.000000000000000000e+00,1.887335208929271507e-02,0.000000000000000000e+00,0.000000000000000000e+00
6.995210739689193072e-06,0.000000000000000000e+00,1.669090464495920009e-02,1.731196677580230589e-02,3.306962118864137812e-03,0.000000000000000000e+00,0.000000000000000000e+00,1.768317432286216351e-02,1.898159836337725767e-02,0.000000000000000000e+00
0.000000000000000000e+00,0.000000000000000000e+00,0.000000000000000000e+00,1.512870185992450794e-02,0.000000000000000000e+00,2.623113755891976276e-02,1.602914935670409283e-02,0.000000000000000000e+00,0.000000000000000000e+00,0.000000000000000000e+00
2.022224162784150726e-03,5.858609319859701958e-03,0.000000000000000000e+00,1.156494634383282288e-02,0.000000000000000000e+00,0.000000000000000000e+00,2.204395871977959075e-03,2.453185821151914608e-02,0.000000000000000000e+00,0.000000000000000000e+00
0.000000000000000000e+00,0.000000000000000000e+00,0.000000000000000000e+00,4.870929700463293675e-03,1.426076841183168339e-02,1.597465453472937669e-02,0.000000000000000000e+00,0.000000000000000000e+00,0.000000000000000000e+00,0.000000000000000000e+00
1.653994126105505155e-02,2.501365275683141778e-02,0.000000000000000000e+00,0.000000000000000000e+00,0.000000000000000000e+00,0.000000000000000000e+00,1.846275753894443400e-02,3.193986254537073606e-04,0.000000000000000000e+00,0.000000000000000000e+00
0.000000000000000000e+00,0.000000000000000000e+00,0.000000000000000000e+00,0.000000000000000000e+00,7.946591219646862575e-03,2.366279309150992952e-02,0.000000000000000000e+00,0.000000000000000000e+00,0.000000000000000000e+00,1.321391479512577967e-02
0.000000000000000000e+00,0.000000000000000000e+00,0.000000000000000000e+00,7.418565728951538249e-03,0.000000000000000000e+00,0.000000000000000000e+00,0.000000000000000000e+00,2.436429968386083847e-02,2.547910860792975893e-02,0.000000000000000000e+00
0.000000000000000000e+00,0.000000000000000000e+00,0.000000000000000000e+00,0.000000000000000000e+00,0.000000000000000000e+00,0.000000000000000000e+00,0.000000000000000000e+00,0.000000000000000000e+00,9.107058661090712895e-03,0.000000000000000000e+00
1.539139910141048423e-02,0.000000000000000000e+00,4.410830194622230790e-03,0.000000000000000000e+00,8.640022909157208525e-03,0.000000000000000000e+00,2.044847337415632224e-02,0.000000000000000000e+00,0.000000000000000000e+00,0.000000000000000000e+00
0.000000000000000000e+00,2.250843362891574023e-02,1.836102421503744281e-02,0.000000000000000000e+00,0.000000000000000000e+00,0.000000000000000000e+00,0.000000000000000000e+00,1.680475543916240197e-02,0.000000000000000000e+00,0.000000000000000000e+00
0.000000000000000000e+00,0.000000000000000000e+00,5.427254310750892312e-03,0.000000000000000000e+00,0.000000000000000000e+00,0.000000000000000000e+00,0.000000000000000000e+00,1.384774959616093151e-05,2.319775036746424268e-02,0.000000000000000000e+00
0.000000000000000000e+00,0.000000000000000000e+00,0.000000000000000000e+00,0.000000000000000000e+00,0.000000000000000000e+00,0.000000000000000000e+00,0.000000000000000000e+00,0.000000000000000000e+00,0.000000000000000000e+00,5.588624019638373762e-03
0.000000000000000000e+00,0.000000000000000000e+00,1.687322059366318933e-02,0.000000000000000000e+00,2.109067040804960685e-02,0.000000000000000000e+00,0.000000000000000000e+00,1.833193279445746726e-02,0.000000000000000000e+00,7.998376549512251424e-03
0.000000000000000000e+00,0.000000000000000000e+00,0.000000000000000000e+00,1.289662115298843663e-02,0.000000000000000000e+00,0.000000000000000000e+00,3.334904313619006279e-03,0.000000000000000000e+00,2.395122306607011878e-02,0.000000000000000000e+00
2.980231033166454852e-02,0.000000000000000000e+00,0.000000000000000000e+00,1.486530924819239388e-02,0.000000000000000000e+00,0.000000000000000000e+00,0.000000000000000000e+00,2.853134972759587343e-02,0.000000000000000000e+00,0.000000000000000000e+00
0.000000000000000000e+00,0.000000000000000000e+00,0.000000000000000000e+00,3.253973344529103879e-03,0.000000000000000000e+00,2.228296849431428417e-02,0.000000000000000000e+00,0.000000000000000000e+00,0.000000000000000000e+00,2.290382360010066037e-02
2.870938300776810365e-02,3.328687510146544071e-02,0.000000000000000000e+00,0.000000000000000000e+00,0.000000000000000000e+00,0.000000000000000000e+00,0.000000000000000000e+00,0.000000000000000000e+00,0.000000000000000000e+00,0.000000000000000000e+00
0.000000000000000000e+00,0.000000000000000000e+00,0.000000000000000000e+00,0.000000000000000000e+00,0.000000000000000000e+00,0.000000000000000000e+00,0.000000000000000000e+00,0.000000000000000000e+00,0.000000000000000000e+00,0.000000000000000000e+00
0.000000000000000000e+00,0.000000000000000000e+00,0.000000000000000000e+00,0.000000000000000000e+00,5.712939594007106735e-03,1.272336876101173809e-03,2.361208721929482918e-02,0.000000000000000000e+00,0.000000000000000000e+00,0.000000000000000000e+00
2.635065191517730731e-03,0.000000000000000000e+00,4.100914213994870426e-04,0.000000000000000000e+00,5.379473023898268848e-03,0.000000000000000000e+00,1.024309114367014280e-02,0.000000000000000000e+00,0.000000000000000000e+00,0.000000000000000000e+00
0.000000000000000000e+00,1.546676285310782419e-02,0.000000000000000000e+00,0.000000000000000000e+00,0.000000000000000000e+00,0.000000000000000000e+00,1.740821488033459166e-02,0.000000000000000000e+00,0.000000000000000000e+00,0.000000000000000000e+00
4.949391625536242196e-04,2.460963580750053642e-02,1.049854195953240678e-02,0.000000000000000000e+00,0.000000000000000000e+00,0.000000000000000000e+00,0.000000000000000000e+00,6.231607037606942852e-03,0.000000000000000000e+00,0.000000000000000000e+00
0.000000000000000000e+00,1.223862006239274415e-02,0.000000000000000000e+00,0.000000000000000000e+00,6.355449326790325697e-03,0.000000000000000000e+00,0.000000000000000000e+00,2.236408026980736541e-02,0.000000000000000000e+00,0.000000000000000000e+00
3.773100612567192435e-03,0.000000000000000000e+00,0.000000000000000000e+00,0.000000000000000000e+00,0.000000000000000000e+00,6.373715526371838760e-03,0.000000000000000000e+00,2.726396653646153204e-02,1.323143212768687800e-02,0.000000000000000000e+00
0.000000000000000000e+00,2.822700006132139797e-02,0.000000000000000000e+00,0.000000000000000000e+00,0.000000000000000000e+00,1.817128194572774358e-02,0.000000000000000000e+00,1.956713783140606039e-02,0.000000000000000000e+00,0.000000000000000000e+00
0.000000000000000000e+00,0.000000000000000000e+00,0.000000000000000000e+00,0.000000000000000000e+00,0.000000000000000000e+00,0.000000000000000000e+00,0.000000000000000000e+00,1.509394604072433754e-02,0.000000000000000000e+00,0.000000000000000000e+00
0.000000000000000000e+00,1.054959471465813890e-02,8.741890182473411805e-03,0.000000000000000000e+00,2.094354681255707062e-02,1.201270337436188037e-04,0.000000000000000000e+00,0.000000000000000000e+00,0.000000000000000000e+00,0.000000000000000000e+00
3.190372334953210653e-02,0.000000000000000000e+00,0.000000000000000000e+00,0.000000000000000000e+00,0.000000000000000000e+00,0.000000000000000000e+00,0.000000000000000000e+00,1.646439067442668006e-02,0.000000000000000000e+00,0.000000000000000000e+00
3.456169039884082403e-03,2.598493747123890515e-02,2.277358455396511980e-02,0.000000000000000000e+00,0.000000000000000000e+00,0.000000000000000000e+00,2.063236295870935627e-02,3.516690137187950069e-03,0.000000000000000000e+00,0.000000000000000000e+00
0.000000000000000000e+00,0.000000000000000000e+00,2.090775861081833192e-02,0.000000000000000000e+00,0.000000000000000000e+00,1.836354334012882741e-02,1.804996155232912319e-02,0.000000000000000000e+00,8.531145358374708776e-03,0.000000000000000000e+00
0.000000000000000000e+00,0.000000000000000000e+00,0.000000000000000000e+00,0.000000000000000000e+00,0.000000000000000000e+00,0.000000000000000000e+00,1.898093819131873791e-02,2.478598907657661443e-02,0.000000000000000000e+00,0.000000000000000000e+00
2.126417885428534549e-03,2.165094998708341420e-02,0.000000000000000000e+00,1.156747410814243891e-02,0.000000000000000000e+00,0.000000000000000000e+00,1.145081599118040819e-02,0.000000000000000000e+00,0.000000000000000000e+00,0.000000000000000000e+00
1.669703680560399861e-02,1.908785009418928827e-02,0.000000000000000000e+00,0.000000000000000000e+00,1.614689594434171038e-02,0.000000000000000000e+00,0.000000000000000000e+00,0.000000000000000000e+00,0.000000000000000000e+00,0.000000000000000000e+00
0.000000000000000000e+00,0.000000000000000000e+00,0.000000000000000000e+00,1.656789469392580885e-03,0.000000000000000000e+00,2.448506798514031232e-02,0.000000000000000000e+00,0.000000000000000000e+00,0.000000000000000000e+00,1.090967199204507685e-03
0.000000000000000000e+00,0.000000000000000000e+00,2.234326729172216031e-02,0.000000000000000000e+00,0.000000000000000000e+00,0.000000000000000000e+00,0.000000000000000000e+00,0.000000000000000000e+00,0.000000000000000000e+00,1.534779689530109056e-02
0.000000000000000000e+00,1.647025419618569630e-02,0.000000000000000000e+00,8.084692867790730861e-03,0.000000000000000000e+00,0.000000000000000000e+00,1.867247040386530235e-02,0.000000000000000000e+00,0.000000000000000000e+00,8.039205367504858799e-03
0.000000000000000000e+00,2.118636314446808652e-02,0.000000000000000000e+00,2.673361731242557271e-02,0.000000000000000000e+00,8.451313238406968006e-03,0.000000000000000000e+00,0.000000000000000000e+00,0.000000000000000000e+00,0.000000000000000000e+00
0.000000000000000000e+00,0.000000000000000000e+00,8.379677919149014151e-03,1.492854443537604487e-03,2.741650921554619064e-03,1.391951601286251471e-02,0.000000000000000000e+00,0.000000000000000000e+00,0.000000000000000000e+00,0.000000000000000000e+00
7.958415560865543179e-03,0.000000000000000000e+00,0.000000000000000000e+00,2.053456610489388934e-02,0.000000000000000000e+00,0.000000000000000000e+00,0.000000000000000000e+00,1.554936247768511602e-02,5.824597626811055251e-03,0.000000000000000000e+00
0.000000000000000000e+00,0.000000000000000000e+00,0.000000000000000000e+00,0.000000000000000000e+00,1.796450037725452059e-02,6.863149947252745672e-03,1.173878445602573144e-02,0.000000000000000000e+00,0.000000000000000000e+00,2.849683400112516460e-02
1.215062472630111697e-02,0.000000000000000000e+00,0.000000000000000000e+00,0.000000000000000000e+00,0.000000000000000000e+00,6.548467010829494509e-04,2.260659621592330665e-02,2.384769242497097874e-02,0.000000000000000000e+00,4.162649891012992591e-03
0.000000000000000000e+00,1.948274938686298322e-02,0.000000000000000000e+00,0.000000000000000000e+00,1.261264316687712994e-02,0.000000000000000000e+00,0.000000000000000000e+00,0.000000000000000000e+00,0.000000000000000000e+00,9.837029423691570282e-04
0.000000000000000000e+00,3.104213920185134798e-02,0.000000000000000000e+00,0.000000000000000000e+00,0.000000000000000000e+00,0.000000000000000000e+00,0.000000000000000000e+00,1.776349333394111607e-02,0.000000000000000000e+00,0.000000000000000000e+00
0.000000000000000000e+00,0.000000000000000000e+00,5.364459705772740188e-04,2.052196907309380633e-02,2.592995603242249231e-02,0.000000000000000000e+00,0.000000000000000000e+00,0.000000000000000000e+00,0.000000000000000000e+00,0.000000000000000000e+00
0.000000000000000000e+00,0.000000000000000000e+00,6.023592627739833560e-03,5.800677923901342327e-03,0.000000000000000000e+00,0.000000000000000000e+00,0.000000000000000000e+00,0.000000000000000000e+00,0.000000000000000000e+00,0.000000000000000000e+00
0.000000000000000000e+00,0.000000000000000000e+00,1.024441300371372633e-02,0.000000000000000000e+00,0.000000000000000000e+00,0.000000000000000000e+00,1.126825016754208486e-02,1.510047630837659666e-02,1.232140601006413358e-02,0.000000000000000000e+00
2.005793370854733887e-02,0.000000000000000000e+00,0.000000000000000000e+00,2.091533418114593576e-02,0.000000000000000000e+00,0.000000000000000000e+00,1.380490338770843511e-02,0.000000000000000000e+00,0.000000000000000000e+00,0.000000000000000000e+00
3.025201933419674472e-02,0.000000000000000000e+00,0.000000000000000000e+00,3.093158076598835973e-02,0.000000000000000000e+00,0.000000000000000000e+00,0.000000000000000000e+00,0.000000000000000000e+00,0.000000000000000000e+00,0.000000000000000000e+00
0.000000000000000000e+00,0.000000000000000000e+00,4.053262783851842993e-03,3.005042412880311320e-02,0.000000000000000000e+00,3.097070698052244858e-03,0.000000000000000000e+00,0.000000000000000000e+00,2.004488025313318732e-03,0.000000000000000000e+00
2.177480248520964959e-02,0.000000000000000000e+00,0.000000000000000000e+00,0.000000000000000000e+00,0.000000000000000000e+00,0.000000000000000000e+00,0.000000000000000000e+00,0.000000000000000000e+00,0.000000000000000000e+00,0.000000000000000000e+00
0.000000000000000000e+00,1.372168995053472604e-02,0.000000000000000000e+00,0.000000000000000000e+00,0.000000000000000000e+00,0.000000000000000000e+00,0.000000000000000000e+00,2.533458771286026950e-02,0.000000000000000000e+00,0.000000000000000000e+00
0.000000000000000000e+00,4.968046936885439288e-03,0.000000000000000000e+00,0.000000000000000000e+00,1.934518300291293222e-02,1.873987771396659965e-02,5.769679916352623552e-04,0.000000000000000000e+00,0.000000000000000000e+00,6.989744117068887562e-03
0.000000000000000000e+00,0.000000000000000000e+00,0.000000000000000000e+00,3.197009371004282813e-02,0.000000000000000000e+00,0.000000000000000000e+00,0.000000000000000000e+00,0.000000000000000000e+00,0.000000000000000000e+00,0.000000000000000000e+00
0.000000000000000000e+00,0.000000000000000000e+00,0.000000000000000000e+00,0.000000000000000000e+00,1.075572262702902647e-02,0.000000000000000000e+00,0.000000000000000000e+00,0.000000000000000000e+00,3.892922499514484078e-03,5.083581393335897050e-03
0.000000000000000000e+00,9.777529365910459999e-03,3.202585920760461086e-02,0.000000000000000000e+00,1.960050343515416099e-02,0.000000000000000000e+00,0.000000000000000000e+00,0.000000000000000000e+00,0.000000000000000000e+00,0.000000000000000000e+00
0.000000000000000000e+00,0.000000000000000000e+00,0.000000000000000000e+00,2.157495212004003141e-02,2.024218375085146820e-02,1.079932940486356963e-02,0.000000000000000000e+00,0.000000000000000000e+00,4.123963302016424477e-03,0.000000000000000000e+00
0.000000000000000000e+00,0.000000000000000000e+00,0.000000000000000000e+00,0.000000000000000000e+00,1.033187706224960103e-02,0.000000000000000000e+00,3.873083864762078606e-03,0.000000000000000000e+00,0.000000000000000000e+00,0.000000000000000000e+00
1.141218861888520023e-03,0.000000000000000000e+00,0.000000000000000000e+00,0.000000000000000000e+00,8.540803398722032411e-03,0.000000000000000000e+00,2.062117357690891606e-02,1.344019608934985364e-02,0.000000000000000000e+00,4.098182418050945984e-03
9.627170401581673295e-03,0.000000000000000000e+00,0.000000000000000000e+00,1.167698469926493725e-02,2.452364901839479416e-02,0.000000000000000000e+00,0.000000000000000000e+00,0.000000000000000000e+00,1.280020004347837657e-02,0.000000000000000000e+00
0.000000000000000000e+00,0.000000000000000000e+00,0.000000000000000000e+00,0.000000000000000000e+00,0.000000000000000000e+00,0.000000000000000000e+00,9.232530007396121119e-03,2.805931469673494591e-02,0.000000000000000000e+00,2.468161828235305305e-02
0.000000000000000000e+00,0.000000000000000000e+00,7.860736554780530655e-03,0.000000000000000000e+00,0.000000000000000000e+00,1.535750499317934184e-02,1.773797836544513395e-02,3.229857613577668315e-03,8.665246822662524620e-03,0.000000000000000000e+00
5.763416212350397187e-03,2.131288864847988643e-02,0.000000000000000000e+00,9.350625704849793111e-04,0.000000000000000000e+00,0.000000000000000000e+00,0.000000000000000000e+00,2.077105079972848406e-02,0.000000000000000000e+00,0.000000000000000000e+00
0.000000000000000000e+00,0.000000000000000000e+00,1.009773550274004582e-02,0.000000000000000000e+00,0.000000000000000000e+00,0.000000000000000000e+00,0.000000000000000000e+00,1.627655072727377666e-02,0.000000000000000000e+00,0.000000000000000000e+00
0.000000000000000000e+00,0.000000000000000000e+00,0.000000000000000000e+00,0.000000000000000000e+00,0.000000000000000000e+00,0.000000000000000000e+00,0.000000000000000000e+00,0.000000000000000000e+00,0.000000000000000000e+00,2.498187530431322453e-02
0.000000000000000000e+00,0.000000000000000000e+00,1.162724033094323685e-02,0.000000000000000000e+00,0.000000000000000000e+00,0.000000000000000000e+00,0.000000000000000000e+00,1.909488195988108539e-02,9.963442724400903283e-03,0.000000000000000000e+00
0.000000000000000000e+00,0.000000000000000000e+00,0.000000000000000000e+00,0.000000000000000000e+00,1.439329483407142396e-02,0.000000000000000000e+00,0.000000000000000000e+00,3.287294201553732104e-03,1.866094501683172218e-03,0.000000000000000000e+00
0.000000000000000000e+00,0.000000000000000000e+00,2.510457342347002449e-02,0.000000000000000000e+00,0.000000000000000000e+00,0.000000000000000000e+00,1.242988294634842774e-03,3.019051881399080050e-03,0.000000000000000000e+00,0.000000000000000000e+00
0.000000000000000000e+00,1.364859054621151736e-02,0.000000000000000000e+00,0.000000000000000000e+00,0.000000000000000000e+00,1.473086281772668059e-02,0.000000000000000000e+00,1.757971830911959910e-02,0.000000000000000000e+00,7.391493673375314558e-03
8.798569760595124217e-03,0.000000000000000000e+00,9.981636398275936864e-03,0.000000000000000000e+00,0.000000000000000000e+00,0.000000000000000000e+00,0.000000000000000000e+00,0.000000000000000000e+00,0.000000000000000000e+00,0.000000000000000000e+00
0.000000000000000000e+00,0.000000000000000000e+00,0.000000000000000000e+00,0.000000000000000000e+00,0.000000000000000000e+00,0.000000000000000000e+00,3.911389089690351533e-04,2.132311654134956286e-03,0.000000000000000000e+00,1.033198812028262442e-02
0.000000000000000000e+00,0.000000000000000000e+00,0.000000000000000000e+00,0.000000000000000000e+00,0.000000000000000000e+00,2.356004608505345849e-02,1.453236060751508796e-02,0.000000000000000000e+00,5.532065689559606536e-03,1.448749412492713814e-02
0.000000000000000000e+00,0.000000000000000000e+00,0.000000000000000000e+00,6.632907941259766479e-04,1.548712751325244386e-02,1.080971541184590212e-02,0.000000000000000000e+00,0.000000000000000000e+00,0.000000000000000000e+00,1.729620351474949261e-02
0.000000000000000000e+00,1.934058925023631956e-02,7.655665334866244842e-03,0.000000000000000000e+00,0.000000000000000000e+00,0.000000000000000000e+00,0.000000000000000000e+00,1.615269814691182651e-02,1.241156427453163347e-02,2.590586255615716718e-02
2.141063787925966133e-02,0.000000000000000000e+00,0.000000000000000000e+00,0.000000000000000000e+00,0.000000000000000000e+00,0.000000000000000000e+00,0.000000000000000000e+00,0.000000000000000000e+00,0.000000000000000000e+00,1.133024220218970674e-02
0.000000000000000000e+00,0.000000000000000000e+00,0.000000000000000000e+00,2.474165150913901559e-02,0.000000000000000000e+00,0.000000000000000000e+00,0.000000000000000000e+00,2.723653392932407890e-03,1.736622407399312715e-02,0.000000000000000000e+00
0.000000000000000000e+00,2.230764558287759089e-02,0.000000000000000000e+00,0.000000000000000000e+00,0.000000000000000000e+00,1.841105326289241284e-02,0.000000000000000000e+00,0.000000000000000000e+00,0.000000000000000000e+00,0.000000000000000000e+00
2.064951613753746723e-02,0.000000000000000000e+00,0.000000000000000000e+00,0.000000000000000000e+00,1.711381307507508012e-02,0.000000000000000000e+00,0.000000000000000000e+00,4.014515048734114584e-03,0.000000000000000000e+00,0.000000000000000000e+00
0.000000000000000000e+00,0.000000000000000000e+00,4.094104351900859466e-03,2.761874654164668194e-02,0.000000000000000000e+00,0.000000000000000000e+00,0.000000000000000000e+00,0.000000000000000000e+00,1.315259256100520351e-02,0.000000000000000000e+00
0.000000000000000000e+00,0.000000000000000000e+00,0.000000000000000000e+00,0.000000000000000000e+00,1.102608910030128224e-02,9.810381170303748496e-03,6.639015219858694465e-03,2.695061837637203681e-02,0.000000000000000000e+00,0.000000000000000000e+00
8.371849307938541637e-03,0.000000000000000000e+00,0.000000000000000000e+00,0.000000000000000000e+00,0.000000000000000000e+00,0.000000000000000000e+00,0.000000000000000000e+00,1.669311360414289097e-02,0.000000000000000000e+00,0.000000000000000000e+00
0.000000000000000000e+00,1.026833572879058167e-02,0.000000000000000000e+00,0.000000000000000000e+00,2.569457237570162145e-02,0.000000000000000000e+00,2.148479262475626664e-02,0.000000000000000000e+00,0.000000000000000000e+00,0.000000000000000000e+00
1.040174530393972105e-02,2.957072889293383983e-03,4.433104210084485609e-03,1.921507733470175297e-02,1.905450814437898918e-02,0.000000000000000000e+00,9.563240341699705618e-03,0.000000000000000000e+00,0.000000000000000000e+00,0.000000000000000000e+00
0.000000000000000000e+00,0.000000000000000000e+00,0.000000000000000000e+00,1.808395277425494524e-02,8.180317258743003903e-03,0.000000000000000000e+00,1.439950977404292655e-02,0.000000000000000000e+00,0.000000000000000000e+00,1.975991993261693586e-02
0.000000000000000000e+00,0.000000000000000000e+00,0.000000000000000000e+00,0.000000000000000000e+00,2.668056140853789643e-02,0.000000000000000000e+00,0.000000000000000000e+00,0.000000000000000000e+00,0.000000000000000000e+00,0.000000000000000000e+00
2.598936393422653784e-02,0.000000000000000000e+00,0.000000000000000000e+00,0.000000000000000000e+00,0.000000000000000000e+00,3.901882885511209569e-04,1.337858933691955798e-02,0.000000000000000000e+00,1.932661553107233379e-02,0.000000000000000000e+00
2.964373014640512422e-02,0.000000000000000000e+00,0.000000000000000000e+00,0.000000000000000000e+00,0.000000000000000000e+00,0.000000000000000000e+00,4.475950765686617649e-03,0.000000000000000000e+00,0.000000000000000000e+00,0.000000000000000000e+00
0.000000000000000000e+00,0.000000000000000000e+00,0.000000000000000000e+00,0.000000000000000000e+00,1.445628917192605216e-02,0.000000000000000000e+00,0.000000000000000000e+00,0.000000000000000000e+00,0.000000000000000000e+00,0.000000000000000000e+00
5.590914321072289195e-03,1.641368947877287071e-02,3.109973854403994421e-03,1.032866935648928640e-02,0.000000000000000000e+00,3.759946277036723111e-03,0.000000000000000000e+00,0.000000000000000000e+00,0.000000000000000000e+00,0.000000000000000000e+00
0.000000000000000000e+00,0.000000000000000000e+00,0.000000000000000000e+00,2.502378111239685066e-02,5.715314891049522346e-03,0.000000000000000000e+00,0.000000000000000000e+00,0.000000000000000000e+00,0.000000000000000000e+00,2.444285254781383698e-02
0.000000000000000000e+00,0.000000000000000000e+00,0.000000000000000000e+00,0.000000000000000000e+00,0.000000000000000000e+00,5.277413718270881036e-03,0.000000000000000000e+00,0.000000000000000000e+00,0.000000000000000000e+00,0.000000000000000000e+00
0.000000000000000000e+00,1.342057300083672813e-02,0.000000000000000000e+00,0.000000000000000000e+00,0.000000000000000000e+00,1.650028394665945669e-02,9.100287867151760426e-03,1.480519847667254377e-02,0.000000000000000000e+00,1.557139861790303274e-02
0.000000000000000000e+00,0.000000000000000000e+00,0.000000000000000000e+00,0.000000000000000000e+00,6.729936055051705113e-03,0.000000000000000000e+00,2.553092577242848174e-02,0.000000000000000000e+00,0.000000000000000000e+00,2.234770558631503715e-02
2.976049567248171320e-03,1.680567962101774115e-02,0.000000000000000000e+00,1.624203109547978086e-02,0.000000000000000000e+00,0.000000000000000000e+00,0.000000000000000000e+00,0.000000000000000000e+00,1.909281447361893883e-02,0.000000000000000000e+00
1.440041375615818721e-02,0.000000000000000000e+00,0.000000000000000000e+00,2.896357347086410752e-02,0.000000000000000000e+00,0.000000000000000000e+00,0.000000000000000000e+00,0.000000000000000000e+00,2.132722968909422923e-02,0.000000000000000000e+00
0.000000000000000000e+00,0.000000000000000000e+00,0.000000000000000000e+00,2.537607769489487464e-02,0.000000000000000000e+00,5.227796117361552600e-03,2.448802725802691829e-02,5.618119782290527907e-03,0.000000000000000000e+00,0.000000000000000000e+00
0.000000000000000000e+00,0.000000000000000000e+00,0.000000000000000000e+00,4.841047332079861237e-03,0.000000000000000000e+00,0.000000000000000000e+00,1.319202295159726396e-02,0.000000000000000000e+00,2.122852800372093673e-02,0.000000000000000000e+00
0.000000000000000000e+00,0.000000000000000000e+00,0.000000000000000000e+00,0.000000000000000000e+00,2.319263592185056774e-02,8.301920344473487021e-03,0.000000000000000000e+00,0.000000000000000000e+00,0.000000000000000000e+00,0.000000000000000000e+00
0.000000000000000000e+00,0.000000000000000000e+00,0.000000000000000000e+00,0.000000000000000000e+00,0.000000000000000000e+00,1.313110878016627084e-02,6.307166857511147494e-03,3.682897486948345008e-03,0.000000000000000000e+00,0.000000000000000000e+00
1.681705780875521064e-03,0.000000000000000000e+00,0.000000000000000000e+00,0.000000000000000000e+00,0.000000000000000000e+00,2.706726573130311883e-02,0.000000000000000000e+00,0.000000000000000000e+00,0.000000000000000000e+00,0.000000000000000000e+00
1.359730815047422055e-02,0.000000000000000000e+00,0.000000000000000000e+00,1.570797172564171104e-02,0.000000000000000000e+00,8.037578009789783651e-03,0.000000000000000000e+00,0.000000000000000000e+00,0.000000000000000000e+00,1.552437859285228650e-02
2.820454474389108221e-02,0.000000000000000000e+00,2.285688925205578079e-02,4.001152105614191011e-03,0.000000000000000000e+00,0.000000000000000000e+00,0.000000000000000000e+00,0.000000000000000000e+00,0.000000000000000000e+00,0.000000000000000000e+00
0.000000000000000000e+00,2.686360070903484956e-02,0.000000000000000000e+00,0.000000000000000000e+00,0.000000000000000000e+00,7.827063163680160127e-03,0.000000000000000000e+00,0.000000000000000000e+00,3.802441959996446207e-03,0.000000000000000000e+00
0.000000000000000000e+00,2.491322020824877914e-02,0.000000000000000000e+00,0.000000000000000000e+00,2.650415796784545350e-02,0.000000000000000000e+00,0.000000000000000000e+00,0.000000000000000000e+00,0.000000000000000000e+00,0.000000000000000000e+00
0.000000000000000000e+00,0.000000000000000000e+00,0.000000000000000000e+00,0.000000000000000000e+00,1.851807685946088231e-02,0.000000000000000000e+00,6.087967883774940067e-03,0.000000000000000000e+00,2.375123562604521815e-02,0.000000000000000000e+00
0.000000000000000000e+00,0.000000000000000000e+00,0.000000000000000000e+00,0.000000000000000000e+00,9.344920722795991078e-03,0.000000000000000000e+00,0.000000000000000000e+00,5.620828539527445745e-03,0.000000000000000000e+00,0.000000000000000000e+00
7.734067118872206201e-03,0.000000000000000000e+00,0.000000000000000000e+00,0.000000000000000000e+00,1.451161410998568109e-02,0.000000000000000000e+00,1.715003753159555569e-02,0.000000000000000000e+00,1.171629631484202155e-02,3.448166703095322319e-03
0.000000000000000000e+00,0.000000000000000000e+00,0.000000000000000000e+00,5.684598495121688348e-03,0.000000000000000000e+00,2.007504457635808648e-02,0.000000000000000000e+00,0.000000000000000000e+00,0.000000000000000000e+00,0.000000000000000000e+00
3.071365123048887431e-03,2.128161596386324642e-02,0.000000000000000000e+00,0.000000000000000000e+00,0.000000000000000000e+00,0.000000000000000000e+00,0.000000000000000000e+00,0.000000000000000000e+00,0.000000000000000000e+00,0.000000000000000000e+00
1.279308992379226372e-02,0.000000000000000000e+00,0.000000000000000000e+00,9.971864413133073313e-03,0.000000000000000000e+00,0.000000000000000000e+00,4.058278184227050514e-03,0.000000000000000000e+00,0.000000000000000000e+00,1.212977652319812555e-02
0.000000000000000000e+00,0.000000000000000000e+00,0.000000000000000000e+00,1.514070394741008456e-02,0.000000000000000000e+00,0.000000000000000000e+00,1.144723228346780121e-03,7.646986883201711133e-03,0.000000000000000000e+00,0.000000000000000000e+00
4.997153572517377962e-03,1.387974547398664396e-02,0.000000000000000000e+00,0.000000000000000000e+00,0.000000000000000000e+00,1.500188191128263258e-02,1.368351883636597516e-02,0.000000000000000000e+00,0.000000000000000000e+00,0.000000000000000000e+00
0.000000000000000000e+00,0.000000000000000000e+00,2.112423975132544235e-02,0.000000000000000000e+00,1.879218783152041689e-02,4.725521771886849465e-03,0.000000000000000000e+00,0.000000000000000000e+00,8.150301447523451009e-03,0.000000000000000000e+00
0.000000000000000000e+00,2.532484820961992608e-03,6.232891076877727227e-03,0.000000000000000000e+00,1.851431634710953497e-02,0.000000000000000000e+00,0.000000000000000000e+00,0.000000000000000000e+00,1.613758127553683794e-02,0.000000000000000000e+00
0.000000000000000000e+00,2.391716125257705231e-02,2.172662107660349590e-02,0.000000000000000000e+00,1.318341579352532919e-02,0.000000000000000000e+00,4.360748555556464776e-03,0.000000000000000000e+00,0.000000000000000000e+00,0.000000000000000000e+00
0.000000000000000000e+00,0.000000000000000000e+00,0.000000000000000000e+00,0.000000000000000000e+00,0.000000000000000000e+00,2.042870831641251973e-03,0.000000000000000000e+00,0.000000000000000000e+00,1.539513547924255613e-03,0.000000000000000000e+00
0.000000000000000000e+00,0.000000000000000000e+00,0.000000000000000000e+00,2.755934564948973875e-02,0.000000000000000000e+00,0.000000000000000000e+00,0.000000000000000000e+00,0.000000000000000000e+00,0.000000000000000000e+00,0.000000000000000000e+00
0.000000000000000000e+00,0.000000000000000000e+00,0.000000000000000000e+00,0.000000000000000000e+00,0.000000000000000000e+00,2.122794870630148600e-02,0.000000000000000000e+00,0.000000000000000000e+00,3.711381431868419640e-04,0.000000000000000000e+00
0.000000000000000000e+00,0.000000000000000000e+00,0.000000000000000000e+00,2.022617826494251328e-02,0.000000000000000000e+00,2.259545224750562215e-02,1.449624533791151783e-02,0.000000000000000000e+00,1.010716531978155495e-02,0.000000000000000000e+00
0.000000000000000000e+00,0.000000000000000000e+00,1.212012373879506073e-03,2.082340369777478661e-02,0.000000000000000000e+00,0.000000000000000000e+00,7.277764370563485430e-04,0.000000000000000000e+00,0.000000000000000000e+00,2.638511593998915314e-02
0.000000000000000000e+00,0.000000000000000000e+00,0.000000000000000000e+00,0.000000000000000000e+00,0.000000000000000000e+00,0.000000000000000000e+00,0.000000000000000000e+00,0.000000000000000000e+00,0.000000000000000000e+00,2.606215207717576393e-02
0.000000000000000000e+00,0.000000000000000000e+00,0.000000000000000000e+00,2.436838013221646546e-02,0.000000000000000000e+00,0.000000000000000000e+00,0.000000000000000000e+00,0.000000000000000000e+00,7.594940477512380876e-03,0.000000000000000000e+00
1.433537437583604253e-02,0.000000000000000000e+00,0.000000000000000000e+00,2.567819467415304382e-02,0.000000000000000000e+00,0.000000000000000000e+00,0.000000000000000000e+00,2.355531917670971448e-02,0.000000000000000000e+00,0.000000000000000000e+00
3.226934176374068874e-02,0.000000000000000000e+00,0.000000000000000000e+00,0.000000000000000000e+00,0.000000000000000000e+00,0.000000000000000000e+00,2.157956954321623225e-02,0.000000000000000000e+00,7.772538569390640383e-03,0.000000000000000000e+00
0.000000000000000000e+00,1.940499888418726823e-02,0.000000000000000000e+00,0.000000000000000000e+00,0.000000000000000000e+00,5.190011094988758629e-03,0.000000000000000000e+00,2.087709988142063752e-02,5.637820939437296168e-03,0.000000000000000000e+00
0.000000000000000000e+00,0.000000000000000000e+00,0.000000000000000000e+00,0.000000000000000000e+00,1.362498277640573387e-02,0.000000000000000000e+00,2.176743381058298538e-02,0.000000000000000000e+00,1.189303926075230798e-02,0.000000000000000000e+00
1.105392990790989016e-02,0.000000000000000000e+00,8.094119800052826386e-03,0.000000000000000000e+00,1.470940842323333400e-02,0.000000000000000000e+00,1.713200501741372547e-02,7.089167069747557073e-03,0.000000000000000000e+00,5.444311497820761465e-03
0.000000000000000000e+00,0.000000000000000000e+00,0.000000000000000000e+00,1.377452847769134337e-03,1.925117287312591574e-02,0.000000000000000000e+00,0.000000000000000000e+00,0.000000000000000000e+00,0.000000000000000000e+00,2.377121692577310527e-02
0.000000000000000000e+00,0.000000000000000000e+00,0.000000000000000000e+00,2.308694812197875645e-02,0.000000000000000000e+00,0.000000000000000000e+00,0.000000000000000000e+00,0.000000000000000000e+00,1.290140653676243206e-02,0.000000000000000000e+00
0.000000000000000000e+00,0.000000000000000000e+00,0.000000000000000000e+00,0.000000000000000000e+00,6.515288851636329322e-03,1.660736608277551749e-02,2.281682500068733799e-02,0.000000000000000000e+00,0.000000000000000000e+00,1.016388940510428926e-02
1.773364584981277844e-02,0.000000000000000000e+00,0.000000000000000000e+00,0.000000000000000000e+00,0.000000000000000000e+00,0.000000000000000000e+00,0.000000000000000000e+00,0.000000000000000000e+00,0.000000000000000000e+00,0.000000000000000000e+00
0.000000000000000000e+00,0.000000000000000000e+00,0.000000000000000000e+00,1.409992815042871057e-02,0.000000000000000000e+00,1.311094394858254054e-02,1.301347211619512112e-02,1.758907047468268384e-02,1.541570202304850569e-02,0.000000000000000000e+00
0.000000000000000000e+00,1.616899329452019599e-02,2.662870929450212101e-02,0.000000000000000000e+00,0.000000000000000000e+00,0.000000000000000000e+00,0.000000000000000000e+00,0.000000000000000000e+00,0.000000000000000000e+00,2.187860792063515275e-02
0.000000000000000000e+00,1.598322558392208451e-02,0.000000000000000000e+00,0.000000000000000000e+00,0.000000000000000000e+00,0.000000000000000000e+00,0.000000000000000000e+00,0.000000000000000000e+00,6.883990460720908026e-03,0.000000000000000000e+00
8.159103162673231671e-03,0.000000000000000000e+00,0.000000000000000000e+00,0.000000000000000000e+00,0.000000000000000000e+00,0.000000000000000000e+00,0.000000000000000000e+00,0.000000000000000000e+00,1.892645474774909582e-03,0.000000000000000000e+00
0.000000000000000000e+00,0.000000000000000000e+00,6.063691430830205238e-03,0.000000000000000000e+00,0.000000000000000000e+00,0.000000000000000000e+00,1.970528553252924933e-02,0.000000000000000000e+00,9.843515950734654796e-03,0.000000000000000000e+00
0.000000000000000000e+00,0.000000000000000000e+00,0.000000000000000000e+00,0.000000000000000000e+00,0.000000000000000000e+00,0.000000000000000000e+00,0.000000000000000000e+00,0.000000000000000000e+00,0.000000000000000000e+00,2.828021099043398143e-02
2.869367601533928669e-02,0.000000000000000000e+00,0.000000000000000000e+00,6.663986012250864600e-03,0.000000000000000000e+00,0.000000000000000000e+00,0.000000000000000000e+00,0.000000000000000000e+00,1.292288279588159512e-02,0.000000000000000000e+00
2.910673629436883597e-02,0.000000000000000000e+00,0.000000000000000000e+00,0.000000000000000000e+00,0.000000000000000000e+00,2.041932303929856318e-03,2.359771899252610661e-02,0.000000000000000000e+00,3.603272883692921168e-04,0.000000000000000000e+00
2.565663486678066221e-02,0.000000000000000000e+00,0.000000000000000000e+00,0.000000000000000000e+00,0.000000000000000000e+00,2.861444193688223239e-02,0.000000000000000000e+00,0.000000000000000000e+00,0.000000000000000000e+00,0.000000000000000000e+00
0.000000000000000000e+00,0.000000000000000000e+00,0.000000000000000000e+00,0.000000000000000000e+00,0.000000000000000000e+00,0.000000000000000000e+00,0.000000000000000000e+00,1.377663359008158943e-02,0.000000000000000000e+00,1.292433407129106593e-02
0.000000000000000000e+00,2.393408484141504311e-02,0.000000000000000000e+00,1.213683411469826563e-02,1.854999172856117845e-02,0.000000000000000000e+00,0.000000000000000000e+00,0.000000000000000000e+00,2.914346814344344512e-03,0.000000000000000000e+00
0.000000000000000000e+00,0.000000000000000000e+00,0.000000000000000000e+00,2.806025890452748615e-03,0.000000000000000000e+00,0.000000000000000000e+00,0.000000000000000000e+00,0.000000000000000000e+00,2.697498709281867524e-02,0.000000000000000000e+00
0.000000000000000000e+00,0.000000000000000000e+00,3.392214773037124063e-03,0.000000000000000000e+00,1.326151775811158957e-02,0.000000000000000000e+00,0.000000000000000000e+00,0.000000000000000000e+00,0.000000000000000000e+00,2.628040172918606407e-02
1.705174487707706091e-02,6.651283061210330229e-03,1.675235310173860820e-02,0.000000000000000000e+00,1.800589658397706849e-02,0.000000000000000000e+00,0.000000000000000000e+00,0.000000000000000000e+00,4.069877987874785837e-03,0.000000000000000000e+00
2.591334047067517937e-02,1.055222182390170259e-02,0.000000000000000000e+00,0.000000000000000000e+00,0.000000000000000000e+00,0.000000000000000000e+00,0.000000000000000000e+00,0.000000000000000000e+00,0.000000000000000000e+00,1.177045614977539206e-02
0.000000000000000000e+00,8.508962974011864341e-03,0.000000000000000000e+00,0.000000000000000000e+00,0.000000000000000000e+00,0.000000000000000000e+00,0.000000000000000000e+00,0.000000000000000000e+00,0.000000000000000000e+00,0.000000000000000000e+00
6.474782649565575046e-04,0.000000000000000000e+00,0.000000000000000000e+00,0.000000000000000000e+00,0.000000000000000000e+00,2.734161474572650158e-02,2.092658169238261964e-02,0.000000000000000000e+00,4.900684098091499970e-03,0.000000000000000000e+00
0.000000000000000000e+00,1.796338560624183983e-02,0.000000000000000000e+00,0.000000000000000000e+00,0.000000000000000000e+00,0.000000000000000000e+00,0.000000000000000000e+00,7.074467328685641286e-03,8.207968290632644201e-03,0.000000000000000000e+00
0.000000000000000000e+00,0.000000000000000000e+00,3.496142416710040085e-02,0.000000000000000000e+00,0.000000000000000000e+00,0.000000000000000000e+00,0.000000000000000000e+00,0.000000000000000000e+00,0.000000000000000000e+00,0.000000000000000000e+00
0.000000000000000000e+00,7.743509827526608635e-04,0.000000000000000000e+00,0.000000000000000000e+00,1.830346642197184723e-02,0.000000000000000000e+00,0.000000000000000000e+00,0.000000000000000000e+00,0.000000000000000000e+00,0.000000000000000000e+00
0.000000000000000000e+00,3.024900900335008008e-03,0.000000000000000000e+00,2.918757716121230797e-04,3.190757139931137219e-03,0.000000000000000000e+00,4.292121276875466435e-03,8.915510310527546139e-03,0.000000000000000000e+00,0.000000000000000000e+00
0.000000000000000000e+00,0.000000000000000000e+00,0.000000000000000000e+00,0.000000000000000000e+00,6.322853738863441590e-03,0.000000000000000000e+00,9.893614326633926731e-03,2.165138280805964377e-02,8.576654140203711016e-03,0.000000000000000000e+00
1.802918365377298091e-02,0.000000000000000000e+00,0.000000000000000000e+00,0.000000000000000000e+00,0.000000000000000000e+00,8.602463769471943925e-03,1.647337156693232454e-02,0.000000000000000000e+00,0.000000000000000000e+00,8.332513917981454465e-03
1.262781684648373731e-02,0.000000000000000000e+00,0.000000000000000000e+00,0.000000000000000000e+00,0.000000000000000000e+00,0.000000000000000000e+00,2.605204143890346366e-02,5.145085612706237072e-03,0.000000000000000000e+00,0.000000000000000000e+00
0.000000000000000000e+00,0.000000000000000000e+00,0.000000000000000000e+00,0.000000000000000000e+00,0.000000000000000000e+00,1.372226083554800406e-02,0.000000000000000000e+00,0.000000000000000000e+00,2.055955395628270010e-02,0.000000000000000000e+00
2.383974053363424259e-02,0.000000000000000000e+00,0.000000000000000000e+00,0.000000000000000000e+00,0.000000000000000000e+00,0.000000000000000000e+00,4.056814711829150912e-03,7.814745405219591066e-04,1.510411822709482356e-02,2.876648216143679396e-02
0.000000000000000000e+00,0.000000000000000000e+00,0.000000000000000000e+00,0.000000000000000000e+00,0.000000000000000000e+00,0.000000000000000000e+00,0.000000000000000000e+00,0.000000000000000000e+00,2.546831864132193327e-02,1.339913929099627310e-02
0.000000000000000000e+00,0.000000000000000000e+00,0.000000000000000000e+00,0.000000000000000000e+00,3.029369177305619152e-04,0.000000000000000000e+00,1.655579117918391102e-02,0.000000000000000000e+00,0.000000000000000000e+00,3.035200518187239696e-02
1.238123277341338091e-02,1.566060799751577137e-02,7.115013585938604604e-04,1.752191931745114215e-02,4.177137835674454153e-03,0.000000000000000000e+00,1.054677138880156552e-02,0.000000000000000000e+00,7.984462558751816846e-03,0.000000000000000000e+00
0.000000000000000000e+00,2.102315409359290302e-02,1.112301012232916678e-02,3.383373635824553989e-04,0.000000000000000000e+00,0.000000000000000000e+00,0.000000000000000000e+00,6.635878196159585539e-03,0.000000000000000000e+00,0.000000000000000000e+00
0.000000000000000000e+00,0.000000000000000000e+00,0.000000000000000000e+00,0.000000000000000000e+00,2.408294331596057530e-03,0.000000000000000000e+00,0.000000000000000000e+00,0.000000000000000000e+00,1.882166453312304755e-02,8.096412417210952298e-03
0.000000000000000000e+00,2.402146634472822687e-02,0.000000000000000000e+00,0.000000000000000000e+00,0.000000000000000000e+00,0.000000000000000000e+00,0.000000000000000000e+00,3.909442900994938332e-03,0.000000000000000000e+00,1.183609223698259792e-02
3.460230937116674527e-03,0.000000000000000000e+00,0.000000000000000000e+00,0.000000000000000000e+00,0.000000000000000000e+00,1.698992359919798342e-02,0.000000000000000000e+00,0.000000000000000000e+00,0.000000000000000000e+00,0.000000000000000000e+00
0.000000000000000000e+00,0.000000000000000000e+00,8.162718082857059118e-03,0.000000000000000000e+00,0.000000000000000000e+00,0.000000000000000000e+00,0.000000000000000000e+00,0.000000000000000000e+00,2.275256707110220877e-02,2.603770076561733732e-02
0.000000000000000000e+00,0.000000000000000000e+00,0.000000000000000000e+00,0.000000000000000000e+00,0.000000000000000000e+00,1.794624290448852688e-02,0.000000000000000000e+00,0.000000000000000000e+00,0.000000000000000000e+00,0.000000000000000000e+00
0.000000000000000000e+00,0.000000000000000000e+00,2.943009620295767084e-02,4.305861089732665979e-03,0.000000000000000000e+00,0.000000000000000000e+00,0.000000000000000000e+00,1.292244365910141454e-02,2.022343150822430730e-03,0.000000000000000000e+00
1.385567735312490979e-02,2.523054277543690729e-02,2.469273494717511008e-02,0.000000000000000000e+00,0.000000000000000000e+00,0.000000000000000000e+00,0.000000000000000000e+00,0.000000000000000000e+00,0.000000000000000000e+00,0.000000000000000000e+00
0.000000000000000000e+00,2.029088364954598905e-02,0.000000000000000000e+00,2.321952800999016117e-02,0.000000000000000000e+00,0.000000000000000000e+00,0.000000000000000000e+00,0.000000000000000000e+00,1.925159411419778005e-02,0.000000000000000000e+00
0.000000000000000000e+00,0.000000000000000000e+00,3.525356163341569326e-03,0.000000000000000000e+00,8.891946923799050675e-03,2.077893025446446787e-02,4.480596538690075070e-03,0.000000000000000000e+00,0.000000000000000000e+00,0.000000000000000000e+00
2.292042682742364158e-03,1.824364529564244386e-02,0.000000000000000000e+00,0.000000000000000000e+00,0.000000000000000000e+00,0.000000000000000000e+00,0.000000000000000000e+00,2.829086545171396669e-02,8.833142556209525043e-03,0.000000000000000000e+00
0.000000000000000000e+00,0.000000000000000000e+00,0.000000000000000000e+00,0.000000000000000000e+00,0.000000000000000000e+00,0.000000000000000000e+00,2.399167488211137803e-02,0.000000000000000000e+00,0.000000000000000000e+00,0.000000000000000000e+00
0.000000000000000000e+00,0.000000000000000000e+00,8.637679666584359428e-03,0.000000000000000000e+00,1.838826733920221473e-02,0.000000000000000000e+00,0.000000000000000000e+00,0.000000000000000000e+00,2.659044758814039372e-02,1.601236388220815196e-02
1.022475039402919762e-02,0.000000000000000000e+00,5.297822288471074927e-03,0.000000000000000000e+00,0.000000000000000000e+00,0.000000000000000000e+00,0.000000000000000000e+00,0.000000000000000000e+00,0.000000000000000000e+00,8.954179268292306385e-03
0.000000000000000000e+00,0.000000000000000000e+00,3.600244174014292833e-03,0.000000000000000000e+00,1.713411471851175594e-02,0.000000000000000000e+00,6.202460797455769739e-03,0.000000000000000000e+00,0.000000000000000000e+00,0.000000000000000000e+00
0.000000000000000000e+00,1.826194959866663317e-02,0.000000000000000000e+00,0.000000000000000000e+00,0.000000000000000000e+00,0.000000000000000000e+00,1.860680668040363278e-02,0.000000000000000000e+00,2.043317658828611508e-02,0.000000000000000000e+00
6.797679943680206942e-03,0.000000000000000000e+00,0.000000000000000000e+00,0.000000000000000000e+00,0.000000000000000000e+00,1.592523402696252241e-02,0.000000000000000000e+00,0.000000000000000000e+00,0.000000000000000000e+00,0.000000000000000000e+00
0.000000000000000000e+00,1.798819306724945208e-02,0.000000000000000000e+00,0.000000000000000000e+00,0.000000000000000000e+00,2.091142518987933185e-02,0.000000000000000000e+00,0.000000000000000000e+00,0.000000000000000000e+00,9.358156070458921102e-03
0.000000000000000000e+00,1.647253917832024184e-02,0.000000000000000000e+00,0.000000000000000000e+00,0.000000000000000000e+00,0.000000000000000000e+00,0.000000000000000000e+00,2.267984522537490680e-02,1.766864502919358870e-02,0.000000000000000000e+00
0.000000000000000000e+00,1.974692866962124167e-03,0.000000000000000000e+00,0.000000000000000000e+00,0.000000000000000000e+00,2.801713005439450399e-02,0.000000000000000000e+00,0.000000000000000000e+00,2.058698776544689094e-02,0.000000000000000000e+00
3.154032556563869400e-03,2.644289336349683970e-03,0.000000000000000000e+00,0.000000000000000000e+00,0.000000000000000000e+00,0.000000000000000000e+00,0.000000000000000000e+00,0.000000000000000000e+00,0.000000000000000000e+00,1.440274053686929753e-03
0.000000000000000000e+00,0.000000000000000000e+00,0.000000000000000000e+00,0.000000000000000000e+00,0.000000000000000000e+00,0.000000000000000000e+00,0.000000000000000000e+00,9.788845303904992329e-03,0.000000000000000000e+00,1.673463138715831217e-02
2.908367505864582238e-03,0.000000000000000000e+00,0.000000000000000000e+00,1.255114694436395770e-02,8.045777474330991635e-03,2.168646589439662820e-02,1.034674801765898648e-02,0.000000000000000000e+00,0.000000000000000000e+00,1.382390177897725725e-02
0.000000000000000000e+00,1.940562087436170993e-02,0.000000000000000000e+00,0.000000000000000000e+00,0.000000000000000000e+00,0.000000000000000000e+00,0.000000000000000000e+00,0.000000000000000000e+00,6.756614662649997570e-03,2.367506014903419248e-02
