2.880282970877015222e-02,3.408977235639067821e-02,4.662420571444204215e-02,3.927222008143599341e-02,5.684564722161086076e-02,0.000000000000000000e+00,1.122597990786396507e-02,4.321171236017918443e-02,4.371958028698897519e-02,9.972598057914359992e-03,1.288320058837047130e-02,2.466929029688001273e-03,9.017919759417776168e-03,0.000000000000000000e+00,3.206105893278942548e-02,9.769021756679381607e-03,0.000000000000000000e+00,2.486289475399800983e-02,2.248428635491501321e-02,0.000000000000000000e+00
4.830669797828053558e-02,4.316810448135072198e-02,4.992789200204673927e-02,6.347129234907745998e-02,3.168411130157145622e-02,1.953961154523647936e-02,6.906048210727969150e-02,6.086642455261396384e-02,5.554096344196657320e-02,3.343618462344199842e-03,2.085390670588211162e-02,3.112149983034025874e-02,1.263025150005821391e-02,2.547619637111168608e-02,0.000000000000000000e+00,1.690355404278483242e-02,1.745613157561402840e-02,0.000000000000000000e+00,3.541976481610506749e-03,1.349242729681443542e-02
0.000000000000000000e+00,3.058063022871062089e-02,3.041490139209027544e-03,1.650234409204468650e-02,4.623653103950269710e-02,5.142065056374905962e-02,0.000000000000000000e+00,2.662010292754995663e-02,2.194287966916905891e-02,2.539837974955367478e-02,0.000000000000000000e+00,3.801660786000354147e-02,2.811481808582503780e-02,3.474207552311074643e-02,0.000000000000000000e+00,0.000000000000000000e+00,2.349286457819653104e-02,0.000000000000000000e+00,1.174248035807954997e-02,0.000000000000000000e+00
1.221129975673602638e-02,3.737797610051286565e-03,1.516320577158728443e-02,5.421028861515347907e-02,2.993303553608223089e-02,6.114770570016603984e-02,1.236996594030924032e-02,0.000000000000000000e+00,5.697286672848510258e-02,3.094167480131930839e-02,7.238118597648934838e-02,3.438035415452855154e-02,0.000000000000000000e+00,2.227291507613832905e-02,0.000000000000000000e+00,2.776204935900407345e-02,1.181083852030247704e-02,5.705458111246689695e-02,6.139996627424499503e-03,4.423115123726249071e-02
0.000000000000000000e+00,5.549276994269658481e-02,5.588659236872629832e-02,0.000000000000000000e+00,5.988902738254121144e-02,6.512521142253942241e-02,7.962493119659121155e-02,6.211073882731413254e-02,1.762473197240025519e-02,2.673814009171465375e-02,0.000000000000000000e+00,0.000000000000000000e+00,0.000000000000000000e+00,0.000000000000000000e+00,2.938380653273523629e-02,5.084695035188258050e-02,0.000000000000000000e+00,2.376646752179996727e-02,0.000000000000000000e+00,0.000000000000000000e+00
1.131434340375751281e-02,1.695466556309752418e-02,2.094293313937402659e-02,1.037686200135297387e-02,4.377468357438754620e-02,6.465376495369601351e-02,5.291336272289999651e-07,2.378857410793289693e-04,3.440157389658055759e-02,5.809748488097445096e-02,7.406090802519528504e-02,1.009361128227781283e-02,2.974795894369587981e-02,7.933245611091892593e-03,4.566893394431831288e-02,6.886102363748208832e-02,3.875606900717640246e-02,0.000000000000000000e+00,2.554582120892383984e-02,5.571510214311126835e-02
1.105694003527797273e-02,3.441265236901072666e-02,7.063020984702629568e-02,2.055321101166401355e-03,7.960353418866888964e-02,4.571322713534955312e-02,4.921324326308688935e-02,3.925558422366653977e-02,1.240171066385375304e-02,1.502157861506848990e-02,7.130122372770955619e-02,0.000000000000000000e+00,0.000000000000000000e+00,2.146625958588523064e-02,6.833626385136841452e-02,0.000000000000000000e+00,2.881553557453990499e-02,5.534727243007742797e-02,4.900318776814178295e-02,4.598950197451795452e-02
2.728355027085893267e-02,6.255120020311609463e-02,6.842184334740904206e-02,4.998277158592864117e-02,4.954135723029826077e-02,7.453951605353388576e-02,0.000000000000000000e+00,2.677327298807974376e-02,4.130328241722909521e-02,7.884139602626892562e-02,8.825975975101978122e-03,5.472740401059794646e-02,5.110821863443064210e-03,1.798615363876130552e-02,2.063551159682773875e-02,0.000000000000000000e+00,4.717696096996286392e-02,2.493506645324152556e-03,0.000000000000000000e+00,0.000000000000000000e+00
2.006779415872837410e-02,2.092893491588903448e-02,0.000000000000000000e+00,4.400039261834365334e-02,0.000000000000000000e+00,7.178862097296803690e-02,1.667701624349236453e-02,2.411271971436746916e-02,9.147527573026776118e-03,0.000000000000000000e+00,0.000000000000000000e+00,3.231943592979814872e-02,0.000000000000000000e+00,8.605224656589619339e-03,6.276456141655177567e-02,2.405369214654113491e-02,1.267859548446897619e-02,0.000000000000000000e+00,0.000000000000000000e+00,0.000000000000000000e+00
6.748247142381373631e-02,5.609809046108846925e-02,5.017348196493409684e-03,5.589258072850409459e-03,5.571572371394716700e-02,5.393484339866400773e-02,0.000000000000000000e+00,4.256282551754095311e-02,4.618887202079662024e-02,3.824467559494770103e-02,3.779599058614940138e-02,0.000000000000000000e+00,4.595884543891801989e-03,2.271758753557201818e-02,3.456947979218772532e-02,3.212013335850159856e-02,5.659565396786700453e-02,7.189564504101669806e-02,4.197194871301233865e-02,5.824163315427615534e-02
6.366402061505103960e-02,3.837336782185499229e-02,4.645749199583889405e-02,5.613617819933380826e-02,2.271815032621727140e-02,3.377690181717836471e-02,4.464853483538678419e-02,7.742334573354732463e-02,5.806020552388157369e-02,8.297660219112405755e-02,6.858812522111688847e-02,6.426697669045788874e-02,0.000000000000000000e+00,5.739750491979755953e-02,0.000000000000000000e+00,0.000000000000000000e+00,0.000000000000000000e+00,0.000000000000000000e+00,1.522404516922594257e-02,0.000000000000000000e+00
3.002092180148267786e-02,4.411172507127295722e-02,4.494466770809527056e-02,0.000000000000000000e+00,3.120980927855093040e-02,2.392020346640613693e-02,3.475754130644232581e-02,8.072872929525999608e-03,7.882341510078853808e-02,7.931352529576055077e-02,0.000000000000000000e+00,7.158231809595629047e-02,7.840958690543073373e-02,1.433948027042180294e-02,0.000000000000000000e+00,2.158906753970741069e-02,5.428044158425936877e-02,3.010774645723616333e-02,6.607168516159327154e-02,0.000000000000000000e+00
5.526377096963708963e-02,5.821559579814720303e-02,0.000000000000000000e+00,8.582289716473270880e-02,4.361938436005086302e-03,2.878921378671071927e-03,1.513422031620612236e-02,8.347972234893280552e-03,8.157859998409987268e-02,5.753301653862857856e-02,6.682009315998334309e-02,0.000000000000000000e+00,6.499281829691762324e-02,6.604899613936104918e-02,8.581731314433228841e-02,8.399156698614630712e-02,1.466497213181366770e-02,1.227663529636296123e-02,6.026249216928859787e-02,1.338735324056252764e-02
4.025084328971297032e-02,6.602178189722297807e-02,4.027452369952171790e-02,5.877773261729433291e-02,4.285852404758252326e-02,4.055625000631914168e-02,3.983922315842695905e-02,1.868672586110454309e-02,2.995500217781761274e-03,4.380077313567182912e-02,0.000000000000000000e+00,4.340046065542381925e-04,0.000000000000000000e+00,2.101920560492313156e-02,6.585388184901275199e-02,6.852183821539949149e-02,1.753273277900619861e-02,7.087831866982874374e-02,0.000000000000000000e+00,3.474256949936334327e-02
1.000876326130366867e-01,9.394232391647676372e-02,1.261067099247106284e-02,5.874682734443172072e-03,2.729134442496613730e-02,7.646485869100595745e-02,1.888172863251362521e-02,6.173602034747834727e-02,8.922269647417008231e-02,4.873070519466583816e-02,2.114196381765796884e-02,8.441592219954822951e-02,3.548071822609112635e-02,8.465934070114815302e-02,3.546651640271970135e-02,5.417321916955868122e-02,1.866123135644370476e-02,7.306008996005203260e-02,8.763347468329391043e-02,3.761911755693805870e-02
2.221258248410449068e-02,6.651187928911912739e-02,7.360759049262119436e-02,1.682295656350107221e-02,8.101912885974535405e-02,4.362517153682259757e-02,5.016468081584975897e-02,2.241158945158778018e-02,7.471197094156407925e-02,8.739924806180485173e-02,7.899748952093023358e-02,1.891646333807927563e-03,7.699974597920779262e-02,3.724080667972783781e-02,2.526154869488058188e-02,1.961676511152788543e-02,2.642089799325514701e-02,7.161874514199093045e-02,5.305650928428109342e-02,5.322588102377253522e-02
7.052440731885672998e-02,7.964694700063217059e-02,6.984088854546252612e-02,4.218846810846118428e-02,7.428768413483419208e-02,6.647625862562858701e-02,1.431006756555547668e-02,4.868436877937522972e-02,1.136333539478890167e-02,7.323557138004711808e-02,7.819679035199421369e-02,1.639224668645288679e-02,0.000000000000000000e+00,1.383582158912806739e-02,3.030954082363043756e-02,0.000000000000000000e+00,8.789764013665944675e-02,2.951898835313279332e-02,1.062286682405542450e-02,5.048130627608628934e-02
6.059381051020296116e-02,7.215768276048699359e-02,6.879241505904395981e-02,4.216632252666680652e-02,6.231601211037748195e-02,9.045373902670371391e-02,3.519436471223288260e-02,7.202684354302045511e-02,8.855767056360339118e-02,3.923243441480857296e-02,3.234665876352892794e-02,1.186841379910633272e-02,8.304386583952648448e-02,3.709059529918709575e-02,1.747079450393390285e-02,3.684091095076515859e-02,7.493741498192998084e-03,9.376242772778615314e-03,1.417074573534859300e-02,7.342451701267613262e-02
1.990907200043997433e-02,9.228033450262891624e-02,9.270534988376831487e-02,6.509826549990163636e-02,1.620779964272243273e-02,3.363182909008800847e-02,7.099383671584959254e-02,8.522714483927525120e-02,6.628464672177417083e-02,7.253616763868218908e-02,3.952448181794092352e-02,9.320575405779378542e-02,6.089813146046078179e-02,8.564469190709057822e-02,3.513668809301892515e-02,7.385798088380608750e-02,3.888049099113289470e-02,0.000000000000000000e+00,6.174624612485467984e-02,3.291788674397317510e-02
4.858029818044268949e-02,8.487693406839258436e-02,3.718264374000947170e-02,5.745583113882958559e-02,5.348378661059942363e-02,2.534830683283349068e-02,6.950302704283375932e-02,9.979065450314320018e-02,6.532684958733271652e-02,3.937238299267518948e-02,0.000000000000000000e+00,8.890191135289284008e-02,1.652257711222175282e-02,1.402189722660292757e-02,0.000000000000000000e+00,0.000000000000000000e+00,0.000000000000000000e+00,3.846203315969771303e-02,7.183933883402918164e-02,5.619854688162434497e-02
1.735936166363930000e-02,3.624210859142770746e-02,8.830474264450718924e-02,4.851590731187185174e-02,3.119199035145304305e-02,4.258899395720546627e-02,6.521881993556863377e-02,3.663920587832909109e-02,4.264223956311393587e-02,7.003518330960217808e-02,3.214126828548065362e-02,1.135519965952765976e-02,0.000000000000000000e+00,8.950313350488620090e-02,6.364283158189154577e-02,0.000000000000000000e+00,6.987549100004597502e-02,1.232174818095025173e-02,0.000000000000000000e+00,5.834138273258180490e-02
2.958702446809293937e-02,8.794453574241339888e-02,6.537310902006304714e-02,6.824253276047366479e-02,8.697507401984236330e-02,9.399380327735540330e-02,4.658463152737429835e-02,7.799462801838402681e-02,6.415854926996757135e-02,6.746460702119194686e-02,3.372663744767730176e-02,4.295634829610093380e-02,3.854088326869095464e-03,7.502542709868144366e-03,2.858130073453543987e-02,4.694108163749662055e-03,1.245533041628000062e-02,6.507843926935295842e-02,1.874007208786720655e-02,4.844674709181139016e-02
4.232190012089276365e-02,7.711952517926262685e-02,4.553284524915408166e-02,1.522954903122562646e-02,4.757385479554163826e-02,1.921246991093278345e-02,6.685547543941448845e-02,7.647381938937686252e-02,5.332505025878884336e-02,2.842994527573918309e-02,8.100370917606732057e-02,1.634827847684033192e-02,2.503300869121973318e-02,8.169166376244473005e-02,1.376979279369310374e-02,2.745767235558583055e-02,8.590644918600062740e-02,1.117360311555331415e-02,6.774358883649568563e-02,4.083897347321813198e-02
8.772942368393961410e-02,4.598443476318787165e-02,7.957694567198672631e-02,7.441052959897759278e-02,5.827307629394446603e-02,5.024413304718684109e-02,8.851714417464141837e-02,3.722182710265541788e-02,3.380908212592551032e-02,3.081480808816146680e-02,3.173350666518008449e-03,1.715688804178856081e-02,1.237714393237092717e-02,7.493905389803090511e-02,4.101359033687654830e-04,3.043993640062474249e-02,7.275842444819498323e-02,7.283878157513166973e-02,7.902765181551503482e-02,4.706464071896737655e-02
8.560069329683760164e-02,4.271005124520225321e-02,3.418365670104896864e-02,7.651001535741788762e-02,7.565123345935899357e-02,2.732652984723493717e-02,8.153874641087238695e-02,2.457680454555663183e-02,9.194048851094345498e-02,9.995800789615626181e-02,6.743422759332666494e-02,7.865874157133297129e-02,3.330566448202047780e-02,3.240510884529389929e-02,6.475353973381613171e-02,1.175802573577347000e-02,1.018847874856071596e-02,5.660621521945727319e-02,6.664995150815009040e-02,4.599669605493905689e-02
6.162395409165381810e-02,5.695833164415274597e-02,8.034246993548548044e-02,8.962519387477528576e-02,3.782959630789201055e-02,6.171012285968888178e-02,6.754447353204426352e-02,7.700285989669200526e-02,8.766883931837307631e-02,3.248045774924709916e-02,2.858930016548567876e-02,6.106036036898578739e-02,0.000000000000000000e+00,8.925336054472994551e-02,0.000000000000000000e+00,7.847004082672050240e-02,6.998517071136081680e-02,2.859723288722861023e-02,0.000000000000000000e+00,8.174513697072598173e-02
2.741277675384175272e-02,8.114632388780648742e-02,4.987091400151449222e-02,7.961412080533990243e-02,3.055499123527170152e-02,5.801307271808327920e-02,1.016369128794430976e-01,2.965561814908460742e-02,5.862847686361354754e-02,5.773785321400656118e-02,1.823164732788362316e-02,8.386851887381345516e-02,0.000000000000000000e+00,2.769779398042011495e-02,2.435335291270599237e-02,4.222611525841230701e-02,0.000000000000000000e+00,0.000000000000000000e+00,5.474511439167325383e-03,3.108509831684586402e-02
6.804984639973604699e-02,7.120362099243914000e-02,9.159124478940222636e-02,9.809487873552795445e-02,7.798322967160568886e-02,8.619286623579638928e-02,4.557468616933076089e-02,8.149240752603034710e-02,7.061986018201360515e-02,1.017558633365916870e-01,4.927465562239961155e-02,8.845134918818888317e-03,5.234802159523484905e-02,5.056368596468453075e-02,7.136424118937489958e-02,2.149097715444345594e-02,7.923556069845237582e-02,1.392210443256823409e-02,6.833524336752012929e-02,8.876718331489272251e-02
8.429337664894827331e-02,9.059271535149124310e-02,5.539517714529854781e-02,1.057015064530709841e-01,7.024477686061442183e-02,4.172392849997363928e-02,3.369741285743182990e-02,1.278868758185365898e-02,9.786813403234108366e-02,7.336874079904770474e-02,6.022145467062015728e-02,8.147220839583568797e-02,4.587796991014690684e-02,1.986044460495236044e-02,7.196057891754555069e-02,0.000000000000000000e+00,3.658055499881842851e-03,3.161698499595792800e-02,7.950842968462785987e-02,6.890270751036658980e-02
7.404601250600843787e-02,1.044886112075778112e-01,5.213313353164004266e-02,5.873519236575688168e-02,5.804317759355216710e-02,2.358086077471579362e-02,2.884665327548973507e-02,1.058664341359890210e-01,5.956852383230113596e-02,5.363942017039647486e-02,9.376447194848189226e-02,9.277297928704972274e-02,8.481883030674809698e-02,4.638300871477364640e-02,7.079025837004190858e-02,8.681561389308782573e-02,5.304118782159076423e-02,4.108610365117874169e-02,6.421367557902589451e-02,2.564539512524512815e-02
1.031977061411851471e-01,1.061029737150361030e-01,1.000217743816359667e-01,1.451142852033363191e-02,2.930383623991480307e-02,4.842684355177296479e-02,2.853943494383097759e-02,7.204722204451137479e-02,3.968665260658536809e-02,3.682810492674187808e-02,1.046279602097186651e-02,4.691260992333451396e-02,4.642314907648954769e-02,6.630524101362136880e-02,0.000000000000000000e+00,6.744661777123027446e-02,7.481293773528857605e-02,5.603672423109830325e-02,7.407612889484441188e-02,8.967074883047136680e-02
1.485134796690873275e-02,9.057945823621903203e-02,7.392189878506855161e-02,5.906469191341370134e-02,3.289892302921708367e-02,3.807976389641072601e-02,4.222227268400217254e-02,8.016894452072328980e-02,9.902934399537892396e-02,4.840329091490920554e-02,7.183303537390774499e-03,3.121348360372427563e-02,7.770713335677574551e-02,1.635077910494357745e-02,7.767536322230454357e-03,8.073121637695347685e-02,7.704122306205135606e-02,5.986209756111851663e-04,5.365718559194735879e-03,0.000000000000000000e+00
2.353640040420653182e-02,8.265143685947753949e-02,4.028501797492940045e-02,9.836220043503096644e-02,5.212229613903916758e-02,6.773638285010119553e-02,3.128246332425178161e-02,7.834019015737839209e-02,2.690037375271592257e-02,8.561600516435521890e-02,3.764593705841511734e-02,6.735500173433206506e-02,3.561605290780970462e-02,7.516232947420570243e-02,2.847219218694656620e-02,7.724467962840017576e-02,3.185487402224272679e-02,1.555939606611321697e-02,6.315320539759797236e-02,3.915052869022810772e-02
6.349279626052503622e-02,7.739317509724198685e-02,3.912570597675260609e-02,8.203787846311388909e-02,8.143847543017332380e-02,9.536174524966528621e-02,7.933179410402618759e-02,1.533058401732323960e-02,3.584854078328695431e-02,7.234449642390905488e-02,9.059572811309454798e-02,8.591673001678551413e-02,4.922150369207684006e-02,6.333401241637386103e-02,1.360893669921524503e-02,2.398328133087945097e-02,6.002459678505958629e-02,7.201018786889232248e-02,1.500104596936186266e-02,5.722230375214377995e-02
7.514620556762452441e-02,2.773634293348467908e-02,2.927131818366148289e-02,8.336098662483389099e-02,1.021819268583136070e-01,4.801345906731662588e-02,2.826016656333366767e-02,7.667517440237976711e-02,5.486995136256418021e-02,3.678439565748246182e-02,0.000000000000000000e+00,9.652977878731015121e-03,2.992837658780170620e-02,8.519928951302299658e-02,3.451986903743905349e-02,7.632540237950087569e-02,8.532374703335901533e-02,6.193732320529550528e-02,1.126117994573630834e-02,6.387947255458738260e-02
2.078108503456891493e-02,3.943688648358571747e-02,1.267552309055824597e-02,8.357877604556020190e-02,6.679154087463902434e-02,2.898724194470499171e-02,4.814642795642470885e-02,5.962010687285455163e-02,9.312627083977269293e-02,1.705443290455974092e-02,3.704996176691126297e-02,7.988809048189195183e-02,2.223984564602024885e-02,7.008345954481633167e-02,6.089157220389389974e-02,2.749349306545424351e-02,9.249985978346204896e-02,1.702392008083931929e-02,4.521729862932324234e-02,0.000000000000000000e+00
7.570200634391457961e-02,5.919250502954911952e-02,9.671948157959019132e-02,7.784861472944563932e-02,8.372644518701710670e-02,1.815756848924456046e-02,6.965748474263698531e-02,3.808703807581152040e-02,1.757720488198449491e-02,6.365056823883705195e-02,1.025837155641710734e-02,0.000000000000000000e+00,4.208294342671706212e-02,7.522539405867386536e-03,8.524478452936493089e-02,7.823342993011679625e-02,3.166676355423492500e-03,7.964753233791921350e-02,6.636365972892277476e-02,1.430342798866746264e-02
9.856363985820346119e-02,3.799502624949063767e-02,9.231713495868643093e-02,1.824085782893403521e-02,9.793771416801141938e-02,8.814029172474549534e-02,3.666626213003754131e-02,6.818283706487633655e-02,4.766169899060990894e-02,2.060611660167851328e-02,5.578192219955648706e-02,7.594283199022788811e-02,1.009212839168345185e-02,2.483614663854367965e-02,2.768457305762844420e-02,6.820721915144958847e-02,6.658543924767629067e-03,0.000000000000000000e+00,1.329339251986133737e-02,6.265941957973911181e-02
2.645387488558069086e-02,4.596451481601357414e-02,1.076460620615076330e-01,9.208748487953295758e-02,4.794816429174251354e-02,5.636806883327435957e-02,2.360302591921253565e-02,7.273269880476941618e-02,1.034535768371487585e-01,6.976796072280148919e-02,2.307857254018021512e-02,4.817693582236914907e-02,3.954914139408714085e-02,6.467666430549981471e-02,1.921283607875922186e-02,8.285457322094355592e-02,1.708632191295454336e-02,5.221963641285760904e-02,3.175029424373644604e-02,3.861847645893930897e-02
1.027511982600121943e-01,5.875205168182536658e-02,6.106633534908739724e-02,1.016352769627970054e-01,1.176461691685757802e-02,5.264144054896342795e-02,1.741195376456123114e-02,1.023446754689332633e-01,1.361875329049075899e-02,4.694946657379252264e-02,8.721496182738670833e-02,0.000000000000000000e+00,5.948316894943785071e-02,2.938479159752001649e-02,6.958297323618377328e-02,1.896115712107867115e-03,1.287875381824831605e-02,4.412678326617772151e-02,8.378461406213821502e-03,2.815275289367429740e-02
1.043442191719479301e-01,5.985537608634582812e-02,8.937266361510291801e-02,8.527012906214190280e-02,7.429453520849027548e-02,6.753809705959594456e-02,7.783184159589208451e-02,6.567069164245013801e-02,5.019566405229472505e-02,8.715588665633072774e-02,1.392028600365702827e-02,5.451103302260199013e-02,4.402276375280002318e-02,2.649929654273249641e-02,6.226221964133078074e-02,5.522280476859292575e-02,3.177248149365900776e-02,8.863323007721189695e-02,8.813317041477965186e-02,8.056090965944873172e-02
7.406840029653875834e-02,9.377132557602982366e-02,7.844776335162527425e-02,1.083480452072619754e-01,9.537461291427272447e-02,3.457621343603273917e-02,9.761941321648695546e-02,1.033406932020873303e-01,7.635749831995991554e-02,8.737527676856494951e-02,1.886392308763468889e-02,7.590703012434842079e-02,6.952861565315432424e-02,1.226601166218415848e-02,3.858064037949071601e-02,6.061441152019329814e-02,8.170096192031203394e-03,6.817790992697678187e-02,6.919008452516506313e-02,4.428308892140011416e-02
5.453858121681356280e-02,6.901370717405790056e-02,7.867481136830349608e-02,4.906185955028483786e-02,4.785480815862739462e-02,3.323979788294332410e-02,8.527870067097063911e-02,2.429558555998562533e-02,3.091499702483057124e-02,6.930487325777738572e-02,7.622766639274284120e-03,6.064427777193093921e-02,1.675839873037907393e-02,5.706678909899209895e-02,2.063225080257587163e-02,8.124929583576873116e-02,5.960565767514900554e-02,2.878654249293077436e-02,6.329721693888336505e-03,5.104559639951854882e-02
7.684590843461946985e-02,1.845363660713194437e-02,7.726933995420247336e-02,2.523776765329701147e-02,7.234577808000976218e-02,4.803357752164631039e-02,5.273186387093625749e-02,4.429284110328965407e-02,7.098647432519399059e-02,2.109126632907395993e-02,6.382271157639801684e-02,6.290357148908096163e-02,1.264597999047071576e-02,7.716589582186182683e-02,1.968618699596197483e-03,8.889333862293459509e-02,9.708783484104674399e-02,7.721855974270228073e-02,3.515907440534445094e-02,9.775415385877754548e-02
2.344953856880385712e-02,4.446801022621780369e-02,1.743187099101542112e-02,6.844173396437461254e-02,9.376403772870677000e-02,2.233235684586907729e-02,7.237438971740134397e-02,9.820824365658301081e-02,2.774779153163850834e-02,3.147307553291098237e-02,1.292689602559660839e-02,6.997386260890370302e-02,1.942396333501343955e-02,0.000000000000000000e+00,8.441838857158941167e-02,7.169389837107262298e-02,0.000000000000000000e+00,0.000000000000000000e+00,2.309898924230233130e-02,6.217455004065756963e-02
5.427389245780224469e-02,1.013280825368619853e-01,3.918636648823673602e-02,4.942966666727682812e-02,9.277124934169170278e-02,2.044720411507200755e-02,3.736706773536371123e-02,7.193724574421543616e-02,6.080927020880959322e-02,7.328770450609069231e-02,8.271947604757142565e-04,7.495936364593062951e-02,7.554101317940117855e-02,2.416992993213994481e-02,8.095097699641552041e-03,8.929445514418291041e-02,5.343944047327769953e-02,4.400294664638929043e-02,0.000000000000000000e+00,3.864987640236187266e-02
9.080163423146439539e-02,4.474663741760216695e-02,9.281808193555336761e-02,9.328122835096479271e-02,5.855454269046667798e-02,7.032702208768032426e-02,8.355092966466598492e-02,3.945133632968275683e-02,1.072878315398660964e-01,3.799980518368306637e-02,1.687539220469188445e-02,6.019588948098015396e-02,2.865606192270721622e-02,3.991414047604029819e-02,1.814718364621359728e-02,7.704960558970071205e-02,2.027322044451641478e-02,4.774849693719065286e-02,7.468565734418021462e-02,5.873293936532379689e-02
2.497550348038528670e-02,2.345447486823324865e-02,1.013396318375515137e-01,3.152975025199668269e-02,6.061133732678943009e-02,4.722862232506058744e-02,6.237869937270098392e-02,4.546435777933224842e-02,9.951120900672440206e-02,2.371325555089357634e-02,8.713132916361122915e-02,8.645924014209720176e-02,2.172974395873408099e-03,2.245088226172151438e-02,4.734538735696706274e-02,1.862157877948301260e-02,5.361781759995033064e-02,5.866194698258286183e-02,4.635141005849538476e-02,5.416364589332794965e-02
4.884182055908499465e-02,6.806486193702035448e-02,7.486375679048076770e-02,6.877470205573789352e-02,7.306124030984070816e-02,4.109862258814881569e-02,4.985556505757790524e-02,1.727547863882360549e-02,4.120864034114490870e-02,2.110611917173842861e-02,4.751695334513039715e-02,9.347431519945481604e-02,6.010044776076404333e-02,6.923190080390848045e-02,1.512116757062240656e-02,6.043685862032931871e-02,2.185222550152685767e-02,4.898996602444555259e-02,5.544474227359686563e-02,3.202708676018334311e-02
8.291527417153271573e-02,4.043380790702398586e-02,8.709575488593604420e-02,7.808392211709379305e-02,9.761667365600493196e-02,3.875984921689691609e-02,7.847006881387473542e-02,1.044917005020422895e-01,9.281028825906323387e-02,2.932347240980884284e-02,5.326786199457733684e-02,6.660359410696950477e-02,5.198272708895287919e-02,4.096932158043296163e-02,6.096469857294703476e-02,3.375721632072959527e-02,5.273202438761996624e-02,0.000000000000000000e+00,9.349023041980962512e-02,0.000000000000000000e+00
7.163053019774190400e-02,8.572769295342193285e-02,4.999720077818179537e-02,7.629200213797630858e-02,2.811878894223444544e-02,6.363623602512942512e-02,1.023214526832014054e-01,2.983543558904388354e-02,6.511216014915392758e-02,8.319088902409163544e-02,2.220985285728590414e-02,3.756970650748092666e-02,4.293587743196257411e-02,9.245678271824421535e-02,1.543248850998580821e-02,3.853109937500504706e-02,2.634954285982853486e-02,5.548078690887836562e-02,6.643823082212261394e-03,2.672053893141685798e-03
9.845416735279143017e-02,8.182460762245347130e-02,6.180970578933681764e-02,1.102050095235437566e-01,9.506330772629059678e-02,5.483906926039362750e-02,9.953012284442329383e-02,9.545019167386376013e-02,2.633550002284269081e-02,7.401584334908542506e-02,2.639018873731777473e-02,7.940010025233647240e-02,4.119105191206367221e-03,2.890045251771387186e-02,3.416354634287411401e-02,3.970231639347921587e-02,4.777772563194136735e-02,3.967993215303518284e-02,1.786168038232668898e-02,8.459992443191810541e-02
6.060541431803811302e-02,1.028916052050511815e-01,4.871228447518555216e-02,7.231893459604646357e-02,6.119434835606375744e-02,1.994772861600723618e-02,4.871392496670515909e-02,6.159483566422610523e-02,1.093827468084553056e-01,6.560520658381122083e-02,4.757349380378267378e-02,5.449680780837551017e-03,5.906342697874521208e-02,2.383541031713530892e-02,5.012763876343201072e-03,8.984863673582042798e-02,0.000000000000000000e+00,2.423473949830641516e-02,4.988904144114258282e-02,5.800902024337006857e-02
4.120039372748145190e-02,2.481633292342674477e-02,5.356892837343397301e-02,1.144048394305641758e-01,7.648204025390140104e-02,8.849025256934364703e-02,7.905374316046215322e-02,5.282270465719467178e-02,6.814204193065491466e-02,7.765861912356106234e-02,0.000000000000000000e+00,6.196942572565761718e-03,3.201242563797400409e-02,5.917655605377758476e-02,5.099747217544089994e-02,7.055196802398006062e-02,8.447820067650371745e-02,7.517417120427652422e-02,7.205988123958577407e-02,1.268248781831424199e-02
9.127074216872461954e-02,1.059833077621330222e-01,8.235342288959950074e-02,9.541803669726986459e-02,3.647896036534999109e-02,3.509035791374021107e-02,5.881933980414189023e-02,1.011562370056117016e-01,7.021603537557903618e-02,5.547723423275015275e-02,1.543910725292217461e-03,1.097750623705637772e-02,7.215377145535301073e-02,2.845663660540727335e-02,7.406176383934384710e-02,3.992501286878810673e-02,3.016788022552160942e-02,2.856591602928964038e-02,1.859808189408788601e-02,1.545312412974309164e-02
2.076447706913467015e-02,4.385925368204116742e-02,8.892118951111739611e-02,3.712835703071741544e-02,8.847819934862564961e-02,4.621889782986756540e-02,6.905641083022501236e-02,5.889732803733478683e-02,3.400356411778971549e-02,7.299432534101914227e-02,1.688077656314627625e-02,5.837325840924023623e-02,8.914390282393323817e-02,8.306396375750271788e-02,2.043285529149230229e-02,4.531913153861915483e-02,8.393860333411808095e-02,7.278289303971860469e-02,9.036141226552349068e-03,6.115125684738712680e-02
9.427973852453505610e-02,2.471727192580730134e-02,7.039286954832801868e-02,7.268597825527088607e-02,5.313679306590234075e-02,6.950498856179491980e-02,2.430069845224648931e-02,3.342434011028513896e-02,3.385062258923915435e-02,8.323301448169016792e-02,9.592132124281398109e-02,7.775245302477643006e-02,8.269714371339324799e-03,1.472489107001270087e-02,9.596491692855749212e-02,4.567094702606638162e-02,1.222277666275608382e-02,1.687040749955136601e-02,3.624854972554983346e-02,8.007926617107573308e-02
1.042212519830014728e-01,7.704410039948796085e-02,9.666000490059901973e-02,9.320549153130479325e-02,8.289969479064600300e-02,8.948472186858758004e-02,3.005153692750327232e-02,1.079840599520386635e-01,4.770910179459399852e-02,1.602968233934018091e-02,8.470280996734015633e-02,2.815116960285847514e-02,3.324435521277802064e-02,0.000000000000000000e+00,1.893146144855992717e-03,6.054002174131910968e-02,9.326700948937333147e-02,9.591500528742362419e-02,9.788939319557536656e-04,6.785509491510617608e-02
6.324641129049578259e-02,1.099010171211474429e-01,8.602645468983746713e-02,1.047219008624441644e-01,7.626819936908887931e-02,8.199442629806147353e-02,4.986957253340948415e-02,2.827224401825622138e-02,5.072462523406948143e-02,2.282151704981049203e-02,8.795206842345568155e-02,5.186145337691100421e-02,7.557483588000922514e-02,4.736143824090059684e-02,3.151933877456070902e-03,6.365436686514808207e-02,0.000000000000000000e+00,5.503743598766037970e-02,0.000000000000000000e+00,5.277189519712657123e-02
1.101124998427608498e-01,1.852720571933128349e-02,7.983664045991807623e-02,9.526839696958477877e-02,1.092585872075403641e-01,6.903250386321424514e-02,5.070612067596804579e-02,2.416341402625099555e-02,3.786465459137967893e-02,7.411533719430836442e-02,5.757691454970492728e-02,6.426832983424335399e-02,4.407078244258446492e-02,6.461576288988138406e-02,3.255999556788342214e-02,5.575658130701056231e-02,2.584933380259895122e-02,5.447220672998402680e-02,7.209513596254343501e-03,8.932516368091897307e-02
5.682283204920322850e-02,3.237784358845877813e-02,7.786950865590328008e-02,4.848647067683550804e-02,1.111028510182010542e-01,9.915790071636142178e-02,1.007732011397096950e-01,8.000592843539142129e-02,3.313428991193499012e-02,6.648466546816005074e-02,2.391543995845803877e-02,4.361573794654361597e-02,7.934204547947405761e-02,6.600886929146718152e-02,1.778683102075608383e-02,4.804396419182696554e-02,6.568723379241385961e-03,3.465989409727796705e-02,6.837369904812018451e-02,5.784919672703759536e-02
1.019584833501707977e-01,6.618377727871221916e-02,1.062954077634162969e-01,9.269674472484283612e-02,1.829233920621099740e-02,4.439170542164623534e-02,5.769566202174399722e-02,2.846756361701325774e-02,5.703789994339609343e-02,3.136860450601028361e-02,7.297238278602807826e-02,1.400189768438309980e-02,0.000000000000000000e+00,3.501627698862070509e-02,8.838487999026171590e-03,4.526491937008256944e-02,3.522175461403279084e-02,7.037967341817279177e-02,1.630308059471703187e-03,7.469533124036926118e-03
7.497512422428130596e-02,8.662553290999655542e-02,4.014821485153716868e-02,1.043853766960152613e-01,5.951241064224410682e-02,3.725866353051933422e-02,5.183965458982060792e-02,1.026448056026891542e-01,9.757291186184441356e-02,3.372333912785815957e-02,0.000000000000000000e+00,1.285308532372601842e-02,4.162124490663698939e-02,2.423186929068422285e-02,1.969247862979411207e-02,2.685744416105348073e-02,9.445294770869804013e-02,6.963288696415430301e-02,3.643984190317588190e-02,7.392192507650882649e-02
1.151251618044554226e-01,1.016405949109279172e-01,8.923355080275792439e-02,9.521601433924747893e-02,3.417214720996063909e-02,1.075468358959111581e-01,1.064056576998782949e-01,6.674344639531640255e-02,6.157155125238212429e-02,4.413620910353320548e-02,5.930341582436046699e-02,6.620450652014686112e-03,9.781924654283298548e-03,6.335977334641428038e-02,8.441111388794919623e-02,2.547387991779573660e-02,5.471926871620329952e-02,6.599560188190360666e-02,7.063785265942333635e-02,8.506380318624170989e-02
8.766352585153103227e-02,9.178033206411094491e-02,9.997060929025929077e-02,3.526995845374623906e-02,4.073122071543305855e-02,5.375623996560228296e-02,8.290570212462275435e-02,3.965880847997110825e-02,9.596060312605891873e-02,5.076333460890643939e-02,1.733326701820907603e-02,9.146004290271395054e-02,7.847924748474040257e-02,4.361837250561901441e-02,0.000000000000000000e+00,5.942996878088142865e-02,1.089031052241474194e-02,8.550378490683482879e-02,7.663746325679198813e-03,8.653679952218880367e-02
1.048594924846488891e-01,5.950863095101684846e-02,6.855587842334309734e-02,7.977666864893717680e-02,9.776378333569828161e-02,7.555788523995263239e-02,2.168464378065102297e-02,3.694613093322881431e-02,4.012033120719833701e-02,4.871007275459816183e-02,8.284510377704494555e-02,4.805750816842246226e-02,6.739227253013956032e-02,8.453599310520659715e-02,3.738475635997867870e-03,6.814324872191358795e-02,3.434772699226312787e-02,9.222660856002855290e-02,6.783643983502087027e-02,4.456852664360184263e-02
1.948801858997624425e-02,8.030210640392787536e-02,3.364071918211953421e-02,7.786774093361437110e-02,1.964453244518394454e-02,8.014461092080188420e-02,3.422787617393380222e-02,2.783928807080515364e-02,2.562983173316259536e-02,9.781773594973204589e-02,1.646517347196430406e-02,7.533287138826648410e-02,2.969092850913073248e-02,2.467598314483415711e-02,1.920423220412974599e-02,4.202132748340409868e-02,3.471613241064379352e-02,1.290223804346869729e-02,6.609701555197439182e-02,5.598221450232729324e-02
4.900126555289271990e-02,3.655275211630290566e-02,3.030539328074952771e-02,9.671136507722417897e-02,6.507096355026953383e-02,8.563810667624832673e-02,1.040071305159681325e-01,4.155870429994775600e-02,8.637212876857347510e-02,6.756057516186265988e-02,8.305495838214095594e-02,7.645267070304043178e-02,6.973461811110784336e-02,3.730879446254643794e-02,1.430213448526785822e-02,8.107943496457435673e-02,3.545781678247963281e-02,3.814458737817088413e-02,7.448776401769482969e-02,8.948308820520586848e-02
7.346561755264609250e-02,2.550703922779584687e-02,6.170438966186700402e-02,7.506310053460907294e-02,4.312735412899027648e-02,1.016356103577116810e-01,1.016897239328948543e-01,5.943557823664215312e-02,6.380579780038556081e-02,7.934609854836253973e-02,5.111670914845531377e-02,9.148820075284207209e-02,1.712343536825764942e-02,7.691981320785382104e-02,2.047676266285703914e-02,3.564547193470461728e-02,6.245633922866928450e-02,7.966383192552888015e-02,6.786548355587457282e-02,1.587760218390682487e-02
7.872752262407431423e-02,8.879138925492253975e-02,5.054719557691836340e-02,4.482194512726421498e-02,1.099155554430678305e-01,1.024125959611101866e-01,1.855131739037185756e-02,4.834885950897317014e-02,4.476455287467393657e-02,1.053792838249370534e-01,7.245694532979235492e-02,4.974662633401485956e-02,2.045974331080833986e-02,9.535049434384319789e-02,8.129828811347863948e-02,6.631991006379270304e-02,1.948674987582363349e-02,8.500740932117922810e-02,2.844641188955391881e-03,4.225070023543091996e-02
8.527346961002349457e-02,3.702152425103887728e-02,8.342129616358663624e-02,3.873643758039613944e-02,8.969375646852541240e-02,9.397104134078688997e-02,7.498463720855154391e-02,4.535577178598435011e-02,7.858464329285751171e-02,2.236407060727894219e-02,1.782304564517045702e-03,6.735041364668924169e-02,4.577404883056919449e-02,6.668618615059548893e-02,1.308365604428380832e-02,1.875017741752677686e-02,6.291027973523541372e-02,4.072069039634797216e-02,4.650901968263053410e-02,7.133183017128194581e-02
5.559331571913284087e-02,4.986022666141494419e-02,4.408463016306370108e-02,7.404129929646682817e-02,6.681109653528544134e-02,9.227226833381946269e-02,8.834461296001518138e-02,6.531044728185332604e-02,3.452407270017662094e-02,2.944479123978765989e-02,4.992104110949634188e-02,3.844491242973036710e-02,7.979734229580834337e-02,6.551274659000665135e-02,5.132548468613180176e-02,4.893220523931715582e-02,5.705837689008218944e-02,4.031126389192896814e-02,9.381387938716456709e-02,3.786052034577682118e-03
7.692744928621308986e-02,1.043156391019937901e-01,9.926794470882546739e-02,8.383522120794333066e-02,6.058906698638429761e-02,3.591173554567177878e-02,2.093171532438543869e-02,8.409603761033239422e-02,5.169939329680107304e-02,5.123847347641748151e-02,4.501579628680230614e-03,4.890554201441976896e-03,7.932549191740669026e-03,2.545264559812258909e-02,3.908905726283429943e-03,8.911168215702315598e-02,4.353859447913493996e-02,3.295706523017575412e-02,1.323804582873224465e-02,8.489152073844570545e-02
7.105258210578235811e-02,2.384089999233914361e-02,1.043124395801241083e-01,6.982657097464603502e-02,3.139167773211234969e-02,1.010240982296814888e-01,3.166149150159700693e-02,8.664590278544066770e-02,8.972050774383677485e-02,7.090880806872147668e-02,3.310446926978218712e-02,5.711952860963979972e-02,4.647310374352689455e-02,5.567840509177299224e-02,1.225949702915316193e-02,1.427483372069025119e-02,6.744932962583641278e-02,5.587155672060467593e-02,1.475964277725945982e-02,3.237397567884181537e-02
4.098618713138210690e-02,5.244797670677543017e-02,7.567427744663529632e-02,5.759348766800684305e-02,8.321172685747345310e-02,5.486359299989926330e-02,8.210905935929814492e-02,5.846201522598378636e-02,8.328357646938903958e-02,7.698157434382243980e-02,4.502604857459265725e-02,6.950644652441144433e-02,4.683889409936596061e-03,8.494924279727143757e-02,7.832816370011021212e-02,3.922515378781846716e-03,4.992950699931089122e-03,9.163159583541197195e-02,9.162733002896396306e-02,6.217208260456114771e-02
7.996546178824059936e-02,5.480933110514349393e-02,7.230476100451642407e-02,2.784494678934198997e-02,2.091564492901021310e-02,3.818337710209988856e-02,2.692836411632846746e-02,3.364014434505274709e-02,3.235376833238304273e-02,4.924203069077975198e-02,4.286438144030262770e-02,4.850806264452197508e-02,2.621200920247777552e-02,5.904322540741847869e-02,5.953455348151353438e-02,3.742005551879458436e-02,8.232996189111277396e-02,9.351087990225818991e-03,9.170294258764727369e-02,7.571009998911236438e-02
3.945249294019452513e-02,1.088438595147102061e-01,2.246353028600996463e-02,6.574472447628745830e-02,7.879866474879938798e-02,1.001552156682680300e-01,5.205205559184513525e-02,5.763193316446851150e-02,3.382072361971137642e-02,6.189268137644972356e-02,9.064598309830601552e-02,2.824612772847457168e-02,1.759907172059884881e-02,1.559020068472446487e-02,6.134084828272413220e-02,2.848722875662544618e-02,7.073247649270346382e-02,1.059074352349316517e-03,4.661725950323550999e-03,7.576027212704569691e-02
2.404082402566852864e-02,2.659899542806173911e-02,3.242298780835432132e-02,2.673122053526536673e-02,7.227871119700476910e-02,7.413347161212087422e-02,1.103408627304272027e-01,4.421968538472630106e-02,1.911083650382667046e-02,6.953588462147758387e-02,6.423630803030798420e-02,3.752268226331107598e-02,7.405679756927746604e-02,5.045607367233807296e-03,4.455253655600451695e-02,3.026022447575659954e-02,8.167796189646582550e-02,7.253160105493163499e-03,1.972704807353123369e-02,9.239525336739022598e-02
7.511447040419057253e-02,7.029548702338273003e-02,5.809940157126663313e-02,2.763605235656282216e-02,5.003556090893809816e-02,9.850570183092759169e-02,7.424913981637397409e-02,2.308915011318446106e-02,7.489884325255370678e-02,6.794200405590170022e-02,2.552736361225271117e-02,3.481528494058983014e-02,6.977728771283560338e-02,8.999992861963437840e-02,0.000000000000000000e+00,1.866718842417439692e-03,7.242764936662685060e-02,5.303266735458084941e-02,6.480854642298837509e-02,0.000000000000000000e+00
2.925050581046196099e-02,3.975076703869809963e-02,5.055114558693928756e-02,8.017486079107372099e-02,3.745138821888449598e-02,4.803994084280294175e-02,4.178287850537656251e-02,2.580589140794925518e-02,2.830946545920384055e-02,2.499773204867768855e-02,1.319288580968408855e-02,6.651420205607057323e-03,7.236051274292885915e-02,3.180199752028742971e-02,3.420100437791478987e-02,8.371445161717847028e-02,1.177900290171746134e-02,7.660685072634169923e-02,4.234253896863598987e-02,4.133490145126394316e-02
4.512684248384077335e-02,6.402857516954783834e-02,7.407212742574730002e-02,3.866194144433710705e-02,2.334434530935846144e-02,8.744075118171784622e-02,4.955187256658435957e-02,8.071959719936742939e-02,8.510125893775706551e-02,3.466479590859698756e-02,2.408141097401809982e-02,2.911756375764652446e-02,7.444481492306682935e-02,9.159614299751023259e-02,1.695801716389072969e-02,4.742956387279905622e-02,4.410611922408859409e-02,6.746027427182108016e-02,1.009528181539103980e-01,6.341550089896430542e-02
6.173107471290949222e-02,3.149929858002573080e-02,6.571855389667012604e-02,6.487537234469679948e-02,4.842015159690313958e-02,2.628878078274169555e-02,5.051103901872588953e-02,1.868068525182265890e-02,1.358036435379524412e-02,2.090945588123464469e-02,6.185263130696865008e-02,3.619911898448794924e-03,4.326890443255513446e-02,0.000000000000000000e+00,4.562662560444021714e-02,4.555912228424651572e-02,1.384117473242389706e-02,0.000000000000000000e+00,7.428356709833422444e-02,8.287789234386669368e-02
3.516782826269741064e-02,2.837421467595351715e-02,8.848618633883702234e-02,7.515505629290146483e-02,7.977476174596594138e-02,6.609026863503915383e-02,6.628532386035193569e-02,6.039689971353542908e-02,2.888898307796216799e-02,5.504010522997722366e-02,8.382993769626986835e-02,3.568488509908971512e-02,2.712086074674926323e-02,8.693087564166435133e-02,4.770262316170068018e-02,7.010979334938322038e-02,7.254472148050082614e-02,5.622400322142701024e-02,5.968950203948254762e-02,3.399449735928393446e-03
7.314021690042375734e-02,5.503825564533625092e-02,7.283041738750327398e-02,2.764851091205167838e-02,8.391750888170269873e-02,4.910388036195860451e-02,9.971692421257362382e-02,3.439940720689686066e-02,2.476761200006379754e-02,5.834920676265144268e-02,8.346609269593563418e-02,2.994608589212383737e-02,2.513133586454562030e-02,4.103262340118338757e-03,9.717350974372566952e-02,2.169593432387887863e-02,6.632558624262355554e-03,2.136999888459379521e-02,6.106887861448374866e-02,7.214947876975766339e-02
2.314624514560577676e-02,9.674032217065074712e-02,5.599366616353213671e-02,3.900879311252421211e-02,9.272910648095515629e-02,3.621993395450882197e-02,8.113418123474326615e-02,1.109137470727498687e-01,2.252961066434634382e-02,5.850093587250941585e-02,6.139550997013127481e-02,3.011367983565323495e-02,2.751858412816833230e-02,1.944164363542168336e-03,4.503007390491622214e-02,1.833067991033997257e-02,1.003819587642561413e-02,2.961657364161621869e-02,8.463182924101501914e-02,7.655929751306329856e-02
8.231253486424693067e-02,1.018655988427514814e-01,1.115061478726759869e-01,1.025266516332322964e-01,6.177144116040228505e-02,1.128735402875554322e-01,4.935218920824795824e-02,1.037934848700568236e-01,3.010767025979623965e-02,9.333956689786199190e-02,0.000000000000000000e+00,7.072742981305871549e-03,3.575293109730887098e-02,0.000000000000000000e+00,4.352876408634033523e-02,6.974839399560005260e-02,4.963993082741208207e-02,4.347021053238683819e-03,2.333250191522215355e-02,6.744857913446937470e-02
8.186444899766202876e-02,5.018381499596101525e-02,7.314069062158627677e-02,5.743946157389918233e-02,5.146908881650760076e-02,4.508567202667183166e-02,3.610960535238640079e-02,5.043659524623578944e-02,9.652925328553896289e-02,8.069450405147769734e-02,5.934575516118612698e-02,4.855216250159420828e-03,6.861614730319674782e-02,5.191924911323368003e-02,7.502452410477393994e-03,4.670620623323026160e-02,1.897954819866893086e-02,8.773762310178767621e-02,4.737029693736008983e-03,6.725877211405947853e-02
1.862669734017088213e-02,6.839003882962793601e-02,3.773567429786872651e-02,5.119056757097224797e-02,8.349798997847170112e-02,7.878406412175183171e-02,4.681130749685032122e-02,7.466032305823264159e-02,1.266543009339446933e-02,5.312454062317439885e-02,5.690044315611988285e-02,2.230035841725767562e-02,6.708822912455822624e-04,2.722918898163993393e-02,1.987195504735648696e-02,1.397229108046235332e-02,7.405942793934032486e-02,6.658128433443397109e-02,3.092137840932485549e-03,4.791969681735358533e-02
3.289138458676464649e-02,6.956593358572699115e-02,3.451790561917146560e-02,1.002321170509324899e-01,1.779701083591780572e-02,3.121525144121751333e-02,7.036020150696783992e-02,1.052360139379629883e-01,8.148002621131641976e-02,5.493241513303373513e-02,7.422327641932309483e-02,6.550051792155238417e-02,4.652889412595617030e-02,3.773383564184770722e-02,1.863066373731063138e-02,9.206678212785275595e-02,8.768522721061555725e-02,8.260622729259523012e-02,5.476926415857893277e-03,2.957739726975110867e-02
9.388903089511084488e-02,7.740175261653477190e-02,2.299296237703077686e-02,8.674613260689736927e-02,8.019136999979123437e-02,9.635310598535436200e-02,3.681326122608522683e-02,3.522852746994743767e-02,4.423666830941360567e-02,7.742172504747579787e-02,5.245800859687614615e-02,1.701331274088149423e-02,9.049633561221255562e-02,5.648074414768422535e-02,8.844415575528799534e-02,4.732467648036899933e-03,8.705861904934950046e-02,7.042285056907453267e-02,4.045504603373548808e-02,2.224491531497881439e-02
1.027132851622983983e-01,6.131686487586514300e-02,7.340111306810243041e-02,8.156010641308467091e-02,8.581126060652169429e-02,6.385369951648665887e-02,4.297367325701642593e-02,4.510197267929361847e-02,7.337763561664148448e-02,5.146210481098970058e-02,6.124953806036734227e-02,7.141149060918536295e-02,5.372974526291785652e-02,1.719429060649950783e-02,5.746520595054279562e-02,9.227981501448391521e-02,3.733896136451200776e-02,8.602180646417317833e-02,8.566910330243836247e-02,4.199699655412439392e-02
4.965934626825054682e-02,2.846942222736924613e-02,9.219680881697014940e-02,3.539417326321254997e-02,9.552231384897064137e-02,6.189253503503614612e-02,9.976479482630742912e-02,1.615134682357755036e-02,7.891310495319833751e-02,4.839173008970667350e-02,1.269306925624806397e-02,5.760116478665443240e-02,2.021146204446193015e-02,8.122383999696554391e-02,4.719965282620414843e-02,9.048224538265141337e-02,3.548996050373872529e-02,7.792127160130156785e-03,6.035641936446376615e-02,2.594714718475668938e-02
4.977509350343079647e-02,1.011879578274603869e-01,1.001373565991110492e-01,8.703631586036354728e-02,4.861524147234105864e-02,1.027544649432871882e-01,1.007796727269026360e-01,3.459344294222276017e-02,4.004365011092461679e-02,9.472866243785371676e-02,9.786648767494232626e-02,4.913894519165989960e-02,8.433588789714617159e-03,3.372896744995308033e-02,1.174991904247688242e-02,5.769554046700508393e-02,1.281308029843052088e-02,8.295220195903735272e-02,9.409353863446857924e-02,6.651361583154530299e-02
1.086990945714412515e-01,9.717767898906334856e-02,9.550553310060162782e-02,7.370450896461201717e-02,1.144902620901341872e-01,6.702949232656867096e-02,5.541254698127272976e-02,4.558418443106732054e-02,8.412768538530367157e-02,9.015851260174105597e-02,3.814069411107608859e-02,3.378724677209993255e-02,9.105709061433742146e-02,4.427010106418044488e-02,8.801330976177033916e-02,6.567292869413510203e-02,2.318450645730522897e-02,6.834418906434151786e-02,9.152854403623721102e-02,5.359658377743097869e-03
7.914278174101178898e-02,4.661818895152725073e-02,5.499713615623968294e-02,6.350679204580550463e-02,4.044321354874676894e-02,2.442159196067343260e-02,9.991305329949048963e-02,8.660703874659593515e-02,4.910680177257003426e-02,8.895396395272324452e-02,6.629764825888226354e-02,2.470282277225805539e-02,4.498092221624832437e-02,3.732440195698305541e-02,1.895861794883369617e-02,1.838731993061142739e-02,2.570154213961188538e-02,2.342259374424226701e-02,4.197586618624211952e-02,4.663088439132998669e-02
7.938997156865389149e-02,9.812551606036831742e-02,9.711266535386292587e-02,2.313127424749116326e-02,1.032886172574022376e-01,8.730118073997478190e-02,5.275040903633335804e-02,9.884981429826755761e-02,4.554309423128941742e-02,1.074554310876309621e-01,4.882084662753205517e-02,0.000000000000000000e+00,0.000000000000000000e+00,4.100865367512928489e-02,8.314599218546157855e-02,5.576157561835158594e-02,5.612384873662731172e-02,2.205743628215014671e-02,4.652267632779415879e-02,7.710875350168146236e-02
8.722270876055635003e-02,7.708884003255393746e-02,6.095864052605056566e-02,1.044792166469491190e-01,2.510183537811139579e-02,1.007217173677749794e-01,6.995394025897892776e-02,2.576406677492826258e-02,7.217691133097851874e-02,5.816999384252000832e-02,1.514642997975461543e-02,3.350910258634067634e-02,1.161072389896486250e-02,5.616131772113146930e-02,7.073627478145937640e-03,7.614260396899374950e-02,4.113098023628111027e-02,5.580249347506179014e-02,4.014198554212564801e-02,3.303816776650894682e-02
9.627627562648802262e-02,1.054782096304967831e-01,8.789249006323009150e-02,6.463780902702190301e-02,8.395908714348093715e-02,9.664395108945568469e-02,5.438593832904242698e-02,6.721127475164624665e-02,9.818111783933181069e-02,2.569283212523769053e-02,1.795775616295883920e-02,2.467984777298802210e-02,0.000000000000000000e+00,2.330940315749180716e-02,1.018358377058976166e-02,2.329673713068141413e-03,7.761441025152804318e-02,6.468359906682190352e-02,9.775575135591291209e-02,6.457097162352985753e-02
1.027815390948980667e-01,9.857705917436754284e-02,4.365652278706540212e-02,6.631763656789596562e-02,8.618990042576005206e-02,5.562425702869078226e-02,1.058307806800581202e-01,3.908550508433918103e-02,1.104321187266033844e-01,3.935629488901146861e-02,7.621298289361985723e-02,3.999402581877446738e-02,8.448948175008154371e-02,1.530728479418277076e-02,6.258763968903256758e-02,2.960559988567327758e-02,2.057686631246985823e-02,4.131471725639843801e-02,4.728089733079426926e-02,7.945666208113685847e-02
3.995590575493738333e-02,1.043321106982247337e-01,5.479450191528960346e-02,4.024285718171329712e-02,5.655816960471456156e-02,8.960986650786716134e-02,3.701873939608083669e-02,8.769656631042076211e-02,5.000156345973145317e-02,1.499300252549689780e-02,2.360295065638211634e-02,4.786402003565142643e-02,1.351233296676461991e-02,2.849936890234722534e-02,8.839941365782912064e-02,8.623153242057300660e-02,2.378661284014137872e-02,0.000000000000000000e+00,7.350236441845142688e-02,3.707144094535865658e-02
